reservatorio;cod;V;A
Acaraú Mirim;1;0;0
Acaraú Mirim;1;0.42;0.54
Acaraú Mirim;1;1.12;0.85
Acaraú Mirim;1;2.15;1.21
Acaraú Mirim;1;3.59;1.66
Acaraú Mirim;1;5.48;2.13
Acaraú Mirim;1;7.86;2.62
Acaraú Mirim;1;9.5;2.85
Acaraú Mirim;1;11;3.07
Acaraú Mirim;1;14.4;3.27
Acaraú Mirim;1;18.4;4.1
Acaraú Mirim;1;22.6;4.7
Acaraú Mirim;1;27.4;5.3
Acaraú Mirim;1;33.2;5.7
Acaraú Mirim;1;39.2;6.1
Acaraú Mirim;1;45.4;6.78
Acaraú Mirim;1;52;7.46
Acaraú Mirim;1;59;8
Acaraú Mirim;1;66;8.54
Banabuiú;2;0;0
Banabuiú;2;0.003;0
Banabuiú;2;0.009;0.01
Banabuiú;2;0.021;0.02
Banabuiú;2;0.059;0.06
Banabuiú;2;0.162;0.15
Banabuiú;2;0.359;0.25
Banabuiú;2;0.673;0.4
Banabuiú;2;1.178;0.62
Banabuiú;2;1.931;0.88
Banabuiú;2;2.978;1.23
Banabuiú;2;4.4443;1.73
Banabuiú;2;6.475;2.33
Banabuiú;2;9.123;2.98
Banabuiú;2;12.465;3.71
Banabuiú;2;16.522;4.39
Banabuiú;2;21.212;4.97
Banabuiú;2;26.397;5.37
Banabuiú;2;30.299;5.62
Banabuiú;2;41.5;6.1352
Banabuiú;2;111.5;10.0952
Banabuiú;2;201.5;17.0052
Banabuiú;2;321.5;31.1052
Banabuiú;2;521.5;41.5352
Banabuiú;2;751.5;65.1552
Banabuiú;2;1141.5;90.3352
Banabuiú;2;1601;144.8652
Banabuiú;2;1676.5;154.6552
Caxitoré;3;0;0
Caxitoré;3;0.3;0.6
Caxitoré;3;1.1;1
Caxitoré;3;2.2;1.2
Caxitoré;3;5;1.5
Caxitoré;3;7;2.1
Caxitoré;3;10;2.7
Caxitoré;3;13;3.4
Caxitoré;3;16;4.3
Caxitoré;3;20;4.9
Caxitoré;3;26;5.7
Caxitoré;3;33;6.6
Caxitoré;3;41;7.5
Caxitoré;3;49;8.6
Caxitoré;3;59;9.9
Caxitoré;3;69;11.3
Caxitoré;3;81;12.6
Caxitoré;3;94;13.8
Caxitoré;3;108;15.2
Caxitoré;3;123;16.5
Caxitoré;3;140;18
Caxitoré;3;158;19.5
Caxitoré;3;178;20.8
Caxitoré;3;202;22.5
Caxitoré;3;205;25
Caxitoré;3;207;28
Cedro;4;0;0
Cedro;4;0.000087;0.002162964
Cedro;4;0.024574;0.156481371
Cedro;4;0.186115;0.472504934
Cedro;4;0.478259;0.689369778
Cedro;4;0.865952;0.851528429
Cedro;4;1.348432;1.144150722
Cedro;4;2.01243;1.464875888
Cedro;4;2.80635544;1.724139613
Cedro;4;3.766402;2.167781305
Cedro;4;4.983023;2.682039701
Cedro;4;6.454504;3.191571615
Cedro;4;8.180533;3.714931548
Cedro;4;10.179792;4.285442156
Cedro;4;12.459319;4.862099408
Cedro;4;15.051253;5.587960597
Cedro;4;16.075345;5.852456123
Cedro;4;21.101;7.4
Cedro;4;29.86;8.89
Cedro;4;38.611;10.38
Cedro;4;50.631;12.12
Cedro;4;62.641;13.86
Cedro;4;78.3351;15.78
Cedro;4;94.061;17.71
Cedro;4;113.791;18.55
Cedro;4;122;19.12
Cedro;4;131;19.39
Edson Queiroz;5;0;0
Edson Queiroz;5;8.9;2.256
Edson Queiroz;5;27.7;5.256
Edson Queiroz;5;63.6;9.088
Edson Queiroz;5;125;15.472
Edson Queiroz;5;221.9;23.156
Edson Queiroz;5;254;24.86
Edson Queiroz;5;385.572001;31.672932
Favelas;6;0;0
Favelas;6;0.05;0.03
Favelas;6;0.38;0.15
Favelas;6;1.1;0.4
Favelas;6;2.4;0.92
Favelas;6;5.1;1.95
Favelas;6;10.05;3.28
Favelas;6;18.8;4.8
Favelas;6;30.1;6.2
Favelas;6;42.8;7.8
General Sampaio;7;0;0
General Sampaio;7;0.43;0.3
General Sampaio;7;3.95;1.09
General Sampaio;7;14.91;3.28
General Sampaio;7;42.22;7.64
General Sampaio;7;96.65;14.13
General Sampaio;7;190.71;23.49
General Sampaio;7;322.2;33.79
General Sampaio;7;336.81;34.93
General Sampaio;7;542.62;47.39
Manoel Balbino;8;0;0
Manoel Balbino;8;0.00034;0.0008
Manoel Balbino;8;0.00175;0.002
Manoel Balbino;8;0.002125;0.00225
Manoel Balbino;8;0.004;0.0025
Manoel Balbino;8;0.02;0.01
Manoel Balbino;8;0.03;0.02
Manoel Balbino;8;0.06;0.03
Manoel Balbino;8;0.1;0.04
Manoel Balbino;8;0.16;0.05
Manoel Balbino;8;0.22;0.07
Manoel Balbino;8;0.31;0.11
Manoel Balbino;8;0.44;0.14
Manoel Balbino;8;0.6;0.18
Manoel Balbino;8;0.87;0.22
Manoel Balbino;8;1.07;0.29
Manoel Balbino;8;1.4;0.38
Manoel Balbino;8;1.84;0.49
Manoel Balbino;8;2.37;0.57
Manoel Balbino;8;2.99;0.65
Manoel Balbino;8;3.75;0.84
Manoel Balbino;8;4.68;1.02
Manoel Balbino;8;5.79;1.2
Manoel Balbino;8;7.08;1.37
Manoel Balbino;8;8.54;1.54
Manoel Balbino;8;10.23;1.82
Manoel Balbino;8;12.19;2.1
Manoel Balbino;8;14.43;2.37
Manoel Balbino;8;16.93;2.58
Manoel Balbino;8;19.66;2.88
Manoel Balbino;8;22.66;3.11
Manoel Balbino;8;25.91;3.37
Manoel Balbino;8;29.42;3.64
Manoel Balbino;8;33.19;3.91
Manoel Balbino;8;37.18;4.05
Manoel Balbino;8;42.45;4.52
Manoel Balbino;8;46.04;4.7
Manoel Balbino;8;50.94;5.09
Orós;9;0;0
Orós;9;0.27;0.27
Orós;9;0.28;0.43
Orós;9;0.71;0.69
Orós;9;1.74;1.1
Orós;9;3.41;1.64
Orós;9;5.68;2.28
Orós;9;8.61;3.03
Orós;9;12.29;3.88
Orós;9;16.87;4.86
Orós;9;22.54;6.01
Orós;9;29.48;7.32
Orós;9;37.88;8.82
Orós;9;47.88;10.49
Orós;9;59.62;12.31
Orós;9;73.22;14.26
Orós;9;88.79;16.33
Orós;9;106.47;18.51
Orós;9;126.41;20.82
Orós;9;148.78;23.3
Orós;9;173.84;25.98
Orós;9;201.87;28.94
Orós;9;233.21;32.25
Orós;9;268.27;35.99
Orós;9;307.48;40.21
Orós;9;351.33;45
Orós;9;400.37;50.4
Orós;9;455.15;56.43
Orós;9;516.27;63.12
Orós;9;584.4;70.49
Orós;9;660.21;78.54
Orós;9;744.46;87.3
Orós;9;837.97;96.81
Orós;9;941.61;107.14
Orós;9;1056.36;118.38
Orós;9;1183.26;130.67
Orós;9;1323.41;144.14
Orós;9;1477.94;158.92
Orós;9;1647.99;175.1
Orós;9;1834.62;192.68
Orós;9;1940;202.11
Orós;9;2038.81;211.54
Orós;9;3342.8;310.04
Orós;9;4000;330
Patu;10;0;0
Patu;10;0.07;0.03
Patu;10;0.19;0.08
Patu;10;0.48;0.2
Patu;10;1.02;0.34
Patu;10;1.94;0.57
Patu;10;3.32;0.8
Patu;10;5.3;1.17
Patu;10;8.2;1.73
Patu;10;12.32;2.38
Patu;10;17.74;3.03
Patu;10;24.57;3.79
Patu;10;35.03;4.66
Patu;10;43.5;5.8
Patu;10;56.28;6.97
Patu;10;70.896;8.46
Patu;10;71.829;8.56
Patu;10;90.53;10.14
Patu;10;112.54;11.9
Patu;10;138.49;14.04
Patu;10;166.37;15.82
Patu;10;202.23;18.02
Pedras Brancas;11;0;0
Pedras Brancas;11;0.0009;0
Pedras Brancas;11;0.0131;0.02
Pedras Brancas;11;0.0454;0.05
Pedras Brancas;11;0.1662;0.11
Pedras Brancas;11;0.28;0.23
Pedras Brancas;11;0.607;0.45
Pedras Brancas;11;1.2276;0.81
Pedras Brancas;11;2.2898;1.33
Pedras Brancas;11;3.9696;2.08
Pedras Brancas;11;6.5599;3.12
Pedras Brancas;11;10.2459;4.28
Pedras Brancas;11;15.136;5.45
Pedras Brancas;11;20.8586;5.92
Pedras Brancas;11;22.5343;6.04
Pedras Brancas;11;24.83;7.77
Pedras Brancas;11;44.45;11.84
Pedras Brancas;11;74.99;19.69
Pedras Brancas;11;119.28;25.6
Pedras Brancas;11;178.03;33.15
Pedras Brancas;11;259.17;41.97
Pedras Brancas;11;303.16;58
Pedras Brancas;11;434.04;72.88
Pentecoste;12;0;0
Pentecoste;12;0.000000376;0.000019023
Pentecoste;12;0.000908175;0.005033951
Pentecoste;12;0.005279429;0.013555974
Pentecoste;12;0.016985065;0.034544548
Pentecoste;12;0.041226248;0.066565258
Pentecoste;12;0.090153182;0.13540902
Pentecoste;12;0.181821724;0.240801013
Pentecoste;12;0.349436039;0.465728802
Pentecoste;12;0.712556251;1.05709113
Pentecoste;12;1.425786979;1.824229036
Pentecoste;12;2.533815001;2.592103722
Pentecoste;12;4.00658769;3.329947927
Pentecoste;12;5.880798954;4.171479789
Pentecoste;12;8.162758429;4.961999163
Pentecoste;12;10.86477495;5.849992841
Pentecoste;12;14.02380099;6.826330864
Pentecoste;12;17.75192787;8.031948839
Pentecoste;12;22.04215695;9.168407718
Pentecoste;12;26.94907892;10.42737664
Pentecoste;12;32.46457343;11.61320411
Pentecoste;12;38.5990107;12.87292114
Pentecoste;12;45.34763382;14.11603387
Pentecoste;12;52.73647859;15.39998204
Pentecoste;12;60.78164134;16.76284539
Pentecoste;12;69.54349997;18.29951705
Pentecoste;12;79.09860934;19.8566178
Pentecoste;12;89.42976059;21.50021679
Pentecoste;12;100.6060281;23.19678321
Pentecoste;12;112.6349068;24.88757951
Pentecoste;12;125.5236499;26.65319855
Pentecoste;12;139.295226;28.42389482
Pentecoste;12;153.9894387;30.26389769
Pentecoste;12;169.5737181;32.13203487
Pentecoste;12;186.1947714;34.31941717
Pentecoste;12;203.9839269;36.84789734
Pentecoste;12;223.0989364;39.48748811
Pentecoste;12;243.3863556;41.50669036
Pentecoste;12;264.5406504;43.02163376
Pentecoste;12;286.4151568;44.4431915
Pentecoste;12;308.9833455;45.82317546
Pentecoste;12;320.5237914;46.49879463
Pentecoste;12;335;48.4
Pentecoste;12;360;50.4
Pentecoste;12;414;54.2
Pompeu Sobrinho;13;0;0
Pompeu Sobrinho;13;8.5;3.4
Pompeu Sobrinho;13;16.51;3.88
Pompeu Sobrinho;13;20.25;5.46
Pompeu Sobrinho;13;25.75;5.53
Pompeu Sobrinho;13;32.75;7.2
Pompeu Sobrinho;13;40.25;8.25
Pompeu Sobrinho;13;50;9.5
Pompeu Sobrinho;13;61.25;10.75
Pompeu Sobrinho;13;73;12.15
Pompeu Sobrinho;13;86.25;13.55
Pompeu Sobrinho;13;102;15.1
Pompeu Sobrinho;13;118;16.75
Pompeu Sobrinho;13;134.2;18.45
Pompeu Sobrinho;13;143;19.53
Prazeres;14;0;0
Prazeres;14;0.02;0.02
Prazeres;14;0.2;0.05
Prazeres;14;0.65;0.12
Prazeres;14;1.6;0.25
Prazeres;14;3.34;0.43
Prazeres;14;6.26;0.73
Prazeres;14;10.78;1.07
Prazeres;14;17.2;1.49
Prazeres;14;25.82;1.95
Prazeres;14;32.5;2.45
Prazeres;14;38.72;3.2
Quixabinha;15;0;0
Quixabinha;15;0.05;0.005
Quixabinha;15;0.14;0.05
Quixabinha;15;1.14;0.34
Quixabinha;15;3.89;0.75
Quixabinha;15;8.73;1.17
Quixabinha;15;15.66;1.59
Quixabinha;15;24.83;2.07
Quixabinha;15;31.78;2.36
Quixabinha;15;36.41;2.55
Quixeramobim;16;0;0
Quixeramobim;16;0.09;0.5
Quixeramobim;16;0.59;0.5
Quixeramobim;16;1.21;0.72
Quixeramobim;16;2.07;0.99
Quixeramobim;16;3.12;1.1
Quixeramobim;16;4.65;1.96
Quixeramobim;16;6.8;2.34
Quixeramobim;16;9.5;3.06
Quixeramobim;16;13.05;4.04
Quixeramobim;16;18;5.86
Quixeramobim;16;24;6.14
Quixeramobim;16;30.4;6.66
Quixeramobim;16;37.1;6.74
Quixeramobim;16;44.4;7.86
Quixeramobim;16;54;11.34
Quixeramobim;16;66;12.66
Quixeramobim;16;80;15.34
Quixeramobim;16;98;20.66
Quixeramobim;16;119;21.34
Quixeramobim;16;148.59;37.85
Riacho do Sangue;17;0;0
Riacho do Sangue;17;0.107;0.008
Riacho do Sangue;17;0.5692;0.0986
Riacho do Sangue;17;1.9782;0.364
Riacho do Sangue;17;5.1784;1.045
Riacho do Sangue;17;10.7604;2.1552
Riacho do Sangue;17;19.0652;3.4268
Riacho do Sangue;17;30.2856;4.878
Riacho do Sangue;17;44.4332;6.3424
Riacho do Sangue;17;61.424;7.8052
Riacho do Sangue;17;68.194;8.5
Riacho do Sangue;17;84.31321;9.853
Salão;18;0;0
Salão;18;0.002;0.005
Salão;18;0.01;0.02
Salão;18;0.06;0.08
Salão;18;0.19;0.16
Salão;18;0.4;0.27
Salão;18;0.74;0.4
Salão;18;1.21;0.53
Salão;18;1.81;0.66
Salão;18;2.55;0.81
Salão;18;3.48;1.04
Salão;18;4.64;1.25
Salão;18;6.04;1.45
Salão;18;8.5;2
Salão;18;10;3.5
S. Ant. de Russas;19;0;0
S. Ant. de Russas;19;0.004;0.008
S. Ant. de Russas;19;0.0765;0.137
S. Ant. de Russas;19;0.3155;0.341
S. Ant. de Russas;19;0.894;0.816
S. Ant. de Russas;19;2.0805;1.557
S. Ant. de Russas;19;4.034;2.35
S. Ant. de Russas;19;5.7895;3.161
S. Ant. de Russas;19;10.486;4.232
S. Ant. de Russas;19;15.395;5.586
S. Ant. de Russas;19;21.771;7.166
S. Ant. de Russas;19;24;7.604
S. Ant. de Russas;19;29.717;8.727
S. Ant. de Russas;19;39.7;10.7
São Mateus;20;0;0
São Mateus;20;0.001;0.003
São Mateus;20;0.01;0.02
São Mateus;20;0.05;0.05
São Mateus;20;0.13;0.1
São Mateus;20;0.27;0.18
São Mateus;20;0.51;0.29
São Mateus;20;0.87;0.43
São Mateus;20;1.39;0.58
São Mateus;20;2.05;0.73
São Mateus;20;2.87;0.9
São Mateus;20;3.88;1.11
São Mateus;20;5.11;1.35
São Mateus;20;6.59;1.6
São Mateus;20;8.33;1.85
São Mateus;20;10.33;2.15
São Mateus;20;12.66;2.51
São Mateus;20;15.36;2.88
São Mateus;20;18.48;3.35
S. Pedro Timbaúba;21;0;0
S. Pedro Timbaúba;21;0.000403739;0.003753712
S. Pedro Timbaúba;21;0.006158661;0.020085544
S. Pedro Timbaúba;21;0.02104866;0.040893413
S. Pedro Timbaúba;21;0.047892377;0.067512293
S. Pedro Timbaúba;21;0.091891783;0.116774731
S. Pedro Timbaúba;21;0.176792946;0.225635356
S. Pedro Timbaúba;21;0.317177045;0.335970593
S. Pedro Timbaúba;21;0.514339929;0.456439706
S. Pedro Timbaúba;21;0.782583819;0.625876953
S. Pedro Timbaúba;21;1.137235983;0.79015205
S. Pedro Timbaúba;21;1.57501717;0.962513278
S. Pedro Timbaúba;21;2.102192255;1.148879313
S. Pedro Timbaúba;21;2.727369054;1.359948804
S. Pedro Timbaúba;21;3.455822185;1.547713676
S. Pedro Timbaúba;21;4.27409109;1.725638395
S. Pedro Timbaúba;21;5.182405815;1.902809302
S. Pedro Timbaúba;21;5.884529415;2.007715116
S. Pedro Timbaúba;21;8.108079415;2.25
S. Pedro Timbaúba;21;12.16047942;2.55
S. Pedro Timbaúba;21;16;2.8
S. Pedro Timbaúba;21;21.45;2.95
Sobral;22;0;0
Sobral;22;0.41;0.08
Sobral;22;0.49;0.16
Sobral;22;0.75;0.27
Sobral;22;1.09;0.38
Sobral;22;1.51;0.46
Sobral;22;2.02;0.53
Sobral;22;2.59;0.59
Sobral;22;3.22;0.66
Sobral;22;3.91;0.76
Sobral;22;4.675;0.86
Sobral;22;5.65;0.95
Sobral;22;6.65;1.04
Thomás Osterne;23;0;0
Thomás Osterne;23;0.12;0.06
Thomás Osterne;23;1.32;0.41
Thomás Osterne;23;4.5;0.85
Thomás Osterne;23;11.48;1.93
Thomás Osterne;23;24.73;3.35
Thomás Osterne;23;28.78;3.63
Thomás Osterne;23;45;4.75
Thomás Osterne;23;49.9;5.05
Trici;24;0;0
Trici;24;0.002083;0.00625
Trici;24;0.01;0.02
Trici;24;0.05;0.04
Trici;24;0.11;0.07
Trici;24;0.2;0.11
Trici;24;0.34;0.16
Trici;24;0.55;0.25
Trici;24;0.85;0.34
Trici;24;1.26;0.48
Trici;24;1.82;0.64
Trici;24;2.59;0.89
Trici;24;3.66;1.23
Trici;24;5.05;1.55
Trici;24;6.88;2.08
Trici;24;9.32;2.8
Trici;24;12.48;3.5
Trici;24;16.5;4.26
Trici;24;21.12;5.24
Trici;24;26.87;6.24
Trici;24;33.6;7.2
Trici;24;41.56;8.71
Trici;24;50.93;10.02
Trici;24;61.81;11.73
Trici;24;74.53;13.7
Várzea do Boi;25;0;0.005
Várzea do Boi;25;0.008;0.01
Várzea do Boi;25;0.02;0.02
Várzea do Boi;25;0.08;0.07
Várzea do Boi;25;0.25;0.26
Várzea do Boi;25;0.62;0.48
Várzea do Boi;25;1.36;0.99
Várzea do Boi;25;2.89;2.06
Várzea do Boi;25;5.55;3.25
Várzea do Boi;25;9.52;4.68
Várzea do Boi;25;14.93;6.13
Várzea do Boi;25;21.83;7.66
Várzea do Boi;25;30.24;9.15
Várzea do Boi;25;40.24;10.83
Várzea do Boi;25;51.91;12.49
Várzea do Boi;25;65.32;14.34
Várzea do Boi;25;80.68;16.37
Várzea do Boi;25;97.92;18.1
Nova Floresta;26;0;0
Nova Floresta;26;0.000506;0.002934943
Nova Floresta;26;0.003575;0.010446898
Nova Floresta;26;0.013553;0.034534707
Nova Floresta;26;0.038914;0.067457002
Nova Floresta;26;0.084663;0.121364406
Nova Floresta;26;0.1661;0.208938124
Nova Floresta;26;0.302171;0.334644316
Nova Floresta;26;0.500378;0.450519396
Nova Floresta;26;0.748229;0.537729732
Nova Floresta;26;1.035574;0.609750958
Nova Floresta;26;1.357388;0.677371385
Nova Floresta;26;1.712287;0.741745766
Nova Floresta;26;2.099339;0.805760247
Nova Floresta;26;2.517678;0.86800651
Nova Floresta;26;2.967404;0.932052
Nova Floresta;26;3.451871;1.006794511
Nova Floresta;26;3.977666;1.107726259
Nova Floresta;26;4.564335;1.233429891
Nova Floresta;26;5.194457;1.336984208
Nova Floresta;26;6.642949;1.56
Nova Floresta;26;8.312949;1.78
Poço da Pedra;27;0;0
Poço da Pedra;27;0.26;0.1
Poço da Pedra;27;2.29;0.7
Poço da Pedra;27;11.11;2.83
Poço da Pedra;27;34.44;6.49
Poço da Pedra;27;52;8.32
Poço da Pedra;27;78.84;11.06
Poço da Pedra;27;146.96;16.39
Joaquim Távora;28;0;0
Joaquim Távora;28;0.6;0.42
Joaquim Távora;28;1.98;0.95
Joaquim Távora;28;4.59;1.66
Joaquim Távora;28;8.87;2.62
Joaquim Távora;28;15.25;3.75
Joaquim Távora;28;24.1;5.12
Joaquim Távora;28;26.7728;5.48
Joaquim Távora;28;35.89;6.71
Joaquim Távora;28;50.95;8.52
Ema;30;0;0
Ema;30;0.002;0.004
Ema;30;0.01;0.01
Ema;30;0.04;0.04
Ema;30;0.11;0.1
Ema;30;0.27;0.19
Ema;30;0.53;0.33
Ema;30;0.98;0.56
Ema;30;1.66;0.79
Ema;30;2.58;1.05
Ema;30;3.77;1.32
Ema;30;5.24;1.61
Ema;30;7.03;1.95
Ema;30;9.15;2.29
Ema;30;10.39;2.48
Ema;30;11.64;2.67
Ema;30;14.57;3.08
Araras;31;0;0
Araras;31;0.064;0.1
Araras;31;0.15;0.42
Araras;31;0.6;0.74
Araras;31;1.2;1.06
Araras;31;1.9;1.38
Araras;31;3.728;1.7
Araras;31;5.2;2.3
Araras;31;7.8;2.9
Araras;31;10.9;3.5
Araras;31;15.5;4.17
Araras;31;20.015;5.33
Araras;31;25.9;6.49
Araras;31;32.8;7.68
Araras;31;41.2;9.283
Araras;31;52;10.886
Araras;31;64.164;12.49
Araras;31;80;15.175
Araras;31;98.8;17.86
Araras;31;117.9;20.545
Araras;31;138;23.23
Araras;31;158;25.915
Araras;31;187;28.8
Araras;31;215;32.44
Araras;31;248;36.28
Araras;31;288;40.12
Araras;31;334.2;44.53
Araras;31;392.4;48.94
Araras;31;444.6;53.35
Araras;31;502;59.903
Araras;31;563;66.451
Araras;31;629.094;73
Araras;31;713.8;80.666
Araras;31;789.875;88.332
Araras;31;891;96
Araras;31;970;104
Araras;31;1080;112.5
Adauto Bezerra;32;0;0
Adauto Bezerra;32;0.0004;0.0008
Adauto Bezerra;32;0.0016;0.0016
Adauto Bezerra;32;0.0064;0.008
Adauto Bezerra;32;0.03;0.04
Adauto Bezerra;32;0.11;0.11
Adauto Bezerra;32;0.27;0.2
Adauto Bezerra;32;0.54;0.33
Adauto Bezerra;32;0.94;0.47
Adauto Bezerra;32;1.5;0.64
Adauto Bezerra;32;2.21;0.78
Adauto Bezerra;32;3.06;0.91
Adauto Bezerra;32;4.06;1.08
Adauto Bezerra;32;5.25;1.29
Adauto Bezerra;32;6.5;2
Adauto Bezerra;32;8;3.5
Capitão Mor;33;0;0
Capitão Mor;33;0.0025;0.005
Capitão Mor;33;0.01;0.01
Capitão Mor;33;0.03;0.02
Capitão Mor;33;0.06;0.03
Capitão Mor;33;0.18;0.08
Capitão Mor;33;0.29;0.12
Capitão Mor;33;0.44;0.17
Capitão Mor;33;0.63;0.21
Capitão Mor;33;0.86;0.23
Capitão Mor;33;1.13;0.3
Capitão Mor;33;1.46;0.37
Capitão Mor;33;1.86;0.42
Capitão Mor;33;2.33;0.5
Capitão Mor;33;2.86;0.57
Capitão Mor;33;3.48;0.65
Capitão Mor;33;4.16;0.72
Capitão Mor;33;4.94;0.82
Capitão Mor;33;5.714;0.91
Capitão Mor;33;5.81;0.92
Capitão Mor;33;6;1
Capitão Mor;33;6.31;1.05
Capitão Mor;33;7;1.5
Capitão Mor;33;8;1.7
Cupim;34;0;0
Cupim;34;0.02;0.04
Cupim;34;0.09;0.11
Cupim;34;0.25;0.21
Cupim;34;0.56;0.39
Cupim;34;1.09;0.68
Cupim;34;1.91;0.96
Cupim;34;3.06;1.31
Cupim;34;4.55;1.66
Cupim;34;6.5;1.95
Cupim;34;7.5;2.5
Espírito Santo;35;0;0
Espírito Santo;35;0.0016;0.0032
Espírito Santo;35;0.008;0.0096
Espírito Santo;35;0.03;0.04
Espírito Santo;35;0.12;0.12
Espírito Santo;35;0.35;0.34
Espírito Santo;35;0.75;0.45
Espírito Santo;35;1.26;0.56
Espírito Santo;35;1.88;0.68
Espírito Santo;35;2.59;0.73
Espírito Santo;35;3.39;0.86
Espírito Santo;35;4.15;0.9
Gomes;36;0;0
Gomes;36;0.01;0.008
Gomes;36;0.13;0.03
Gomes;36;0.47;0.09
Gomes;36;1.22;0.19
Gomes;36;2.39;0.27
Gomes;36;2.7;0.28
Gomes;36;3;1
São José I;39;0;0
São José I;39;0.02;0.03
São José I;39;0.09;0.1
São José I;39;0.23;0.18
São José I;39;0.51;0.38
São José I;39;1.24;0.63
São José I;39;1.96;0.81
São José I;39;2.87;1.01
São José I;39;4.04;1.32
São José I;39;5.64;1.89
São José I;39;7.67;2.15
São José I;39;10.1;2.7
São José I;39;12.18;3.18
Trapiá I;40;0;0
Trapiá I;40;0.0014;0.0028
Trapiá I;40;0.0074;0.0092
Trapiá I;40;0.02;0.02
Trapiá I;40;0.06;0.05
Trapiá I;40;0.12;0.07
Trapiá I;40;0.23;0.12
Trapiá I;40;0.38;0.18
Trapiá I;40;0.6;0.25
Trapiá I;40;0.9;0.33
Trapiá I;40;1.28;0.43
Trapiá I;40;1.75;0.5
Trapiá I;40;2.01;0.54
Trapiá I;40;2.4;0.662
Trapiá I;40;3;1
Hipólito;42;0;0
Hipólito;42;0.008;0.01
Hipólito;42;0.03;0.04
Hipólito;42;0.09;0.08
Hipólito;42;0.19;0.11
Hipólito;42;0.32;0.14
Hipólito;42;0.48;0.17
Hipólito;42;0.67;0.21
Hipólito;42;0.92;0.27
Hipólito;42;1.21;0.32
Hipólito;42;1.55;0.36
Hipólito;42;1.93;0.4
Hipólito;42;2.36;0.44
Hipólito;42;2.84;0.52
Hipólito;42;3.39;0.58
Hipólito;42;4.02;0.66
Hipólito;42;4.75;0.8
Hipólito;42;5.59;0.88
Hipólito;42;6.54;1.03
Hipólito;42;7.1;1.078
Hipólito;42;8.5;2
Caracas;43;0;0
Caracas;43;0.00375;0.0075
Caracas;43;0.02;0.03
Caracas;43;0.11;0.06
Caracas;43;0.19;0.13
Caracas;43;0.38;0.23
Caracas;43;0.62;0.35
Caracas;43;1.05;0.48
Caracas;43;1.6;0.63
Caracas;43;2.33;0.81
Caracas;43;3.28;1.08
Caracas;43;4.47;1.29
Caracas;43;5.91;1.57
Caracas;43;7.62;1.85
Caracas;43;9.63;2.17
Caracas;43;12;2.533
Escuridão;44;0;0
Escuridão;44;0.0028;0.0056
Escuridão;44;0.01;0.01
Escuridão;44;0.03;0.02
Escuridão;44;0.06;0.03
Escuridão;44;0.11;0.05
Escuridão;44;0.17;0.07
Escuridão;44;0.26;0.09
Escuridão;44;0.37;0.12
Escuridão;44;0.51;0.14
Escuridão;44;0.66;0.17
Escuridão;44;0.85;0.19
Escuridão;44;1.06;0.22
Escuridão;44;1.3;0.25
Escuridão;44;1.57;0.28
Escuridão;44;2.19;0.34
Escuridão;44;2.55;0.37
Escuridão;44;2.94;0.4
Escuridão;44;3.35;0.42
Escuridão;44;3.78;0.44
Amanary;45;0;0
Amanary;45;0.002;0.006
Amanary;45;0.003;0.007
Amanary;45;0.01;0.02
Amanary;45;0.06;0.08
Amanary;45;0.19;0.18
Amanary;45;0.44;0.32
Amanary;45;0.87;0.53
Amanary;45;1.5;0.75
Amanary;45;2.42;1.01
Amanary;45;3.7;1.5
Amanary;45;5.4;1.89
Amanary;45;7.5;2.31
Amanary;45;11.01;2.71
Amanary;45;12.78;3.31
Amanary;45;13.6;4.2
Atalho;47;0;0
Atalho;47;1.6;0.64
Atalho;47;7.25;1.62
Atalho;47;16.95;2.26
Atalho;47;30.22;3.05
Atalho;47;48.7;4.34
Atalho;47;74.37;5.93
Atalho;47;108.25;7.62
Atalho;47;152;10.1
Ayres de Sousa;49;0;0
Ayres de Sousa;49;0.000004;0.000028838
Ayres de Sousa;49;0.000042;0.000130344
Ayres de Sousa;49;0.000139;0.000265924
Ayres de Sousa;49;0.000451;0.00138007
Ayres de Sousa;49;0.002302;0.006788277
Ayres de Sousa;49;0.007525;0.014755491
Ayres de Sousa;49;0.017498;0.025295616
Ayres de Sousa;49;0.033226;0.038284215
Ayres de Sousa;49;0.056945;0.057621523
Ayres de Sousa;49;0.091854;0.083256289
Ayres de Sousa;49;0.142896;0.122040679
Ayres de Sousa;49;0.215445;0.170292742
Ayres de Sousa;49;0.31723;0.23720887
Ayres de Sousa;49;0.457688;0.325990868
Ayres de Sousa;49;0.648048;0.439015546
Ayres de Sousa;49;0.902924;0.597406755
Ayres de Sousa;49;1.251872;0.785649381
Ayres de Sousa;49;1.703196;0.996958875
Ayres de Sousa;49;2.265118;1.248931622
Ayres de Sousa;49;2.967691;1.547852369
Ayres de Sousa;49;3.832218;1.882235365
Ayres de Sousa;49;4.861276;2.210785785
Ayres de Sousa;49;6.056576;2.552062216
Ayres de Sousa;49;7.419856;2.884179396
Ayres de Sousa;49;8.948893;3.216657144
Ayres de Sousa;49;10.64413;3.539678512
Ayres de Sousa;49;12.492266;3.839679663
Ayres de Sousa;49;14.486369;4.131581921
Ayres de Sousa;49;16.629233;4.428226496
Ayres de Sousa;49;18.925025;4.743063014
Ayres de Sousa;49;21.390115;5.056324158
Ayres de Sousa;49;23.986228;5.357068667
Ayres de Sousa;49;26.742334;5.673473659
Ayres de Sousa;49;29.664094;6.004637196
Ayres de Sousa;49;32.754697;6.347273022
Ayres de Sousa;49;36.027166;6.697911729
Ayres de Sousa;49;39.459667;6.997301947
Ayres de Sousa;49;43.044449;7.330137703
Ayres de Sousa;49;46.773798;7.581497244
Ayres de Sousa;49;50.625833;7.826457309
Ayres de Sousa;49;51.4897;7.88019909
Ayres de Sousa;49;54.7;8.22
Ayres de Sousa;49;59;8.5
Ayres de Sousa;49;63.3;8.8
Ayres de Sousa;49;67.7;9.07
Ayres de Sousa;49;72.2;9.35
Ayres de Sousa;49;77;9.6
Ayres de Sousa;49;82;9.85
Ayres de Sousa;49;86.7;10.08
Ayres de Sousa;49;91.9;10.28
Ayres de Sousa;49;96.8;10.49
Ayres de Sousa;49;107;10.83
Ayres de Sousa;49;118;11.2
S. Ant. de Aracat.;50;0;0
S. Ant. de Aracat.;50;0.14;0.1
S. Ant. de Aracat.;50;0.3;0.21
S. Ant. de Aracat.;50;0.55;0.3
S. Ant. de Aracat.;50;1.08;0.75
S. Ant. de Aracat.;50;1.94;0.95
S. Ant. de Aracat.;50;3.05;1.26
S. Ant. de Aracat.;50;4.4;1.41
S. Ant. de Aracat.;50;6;1.78
S. Ant. de Aracat.;50;7.9;2.01
S. Ant. de Aracat.;50;10.08;2.35
S. Ant. de Aracat.;50;12.94;3.35
S. Ant. de Aracat.;50;16.47;3.69
S. Ant. de Aracat.;50;20.22;3.81
S. Ant. de Aracat.;50;24.34;4.4
S. Ant. de Aracat.;50;29;5
S. Ant. de Aracat.;50;34.5;5.55
Forquilha;51;0;0
Forquilha;51;0.03;0.04
Forquilha;51;0.12;0.13
Forquilha;51;0.44;0.5
Forquilha;51;1.13;0.84
Forquilha;51;2.35;1.5
Forquilha;51;4.25;2.12
Forquilha;51;6.81;2.9
Forquilha;51;10.17;3.75
Forquilha;51;14.39;4.57
Forquilha;51;19.49;5.47
Forquilha;51;25.52;6.4
Forquilha;51;32.43;7.25
Forquilha;51;40.17;8.07
Forquilha;51;50.13;9.23
Forquilha;51;60.5;10.15
Jaburu II;52;0;0
Jaburu II;52;0.11;0.13
Jaburu II;52;0.27;0.2
Jaburu II;52;0.57;0.4
Jaburu II;52;1.3;1.05
Jaburu II;52;2.95;2.25
Jaburu II;52;6.02;3.9
Jaburu II;52;10.75;5.55
Jaburu II;52;16.65;7.25
Jaburu II;52;25;9.45
Jaburu II;52;32.8;12.25
Jaburu II;52;49.82;15.8
Jaburu II;52;67.44;19.45
Jaburu II;52;88.69;23.05
Jaburu II;52;102.9;25.1875
Jaburu II;52;113.62;26.8
Jaburu II;52;116;27.23
Jaburu II;52;127.69;29.5
Jaburu II;52;130;32
Carnaubal;53;0;0
Carnaubal;53;0.02;0.04
Carnaubal;53;0.15;0.22
Carnaubal;53;0.49;0.47
Carnaubal;53;1.3;1.14
Carnaubal;53;2.73;1.72
Carnaubal;53;4.79;2.42
Carnaubal;53;7.6;3.2
Carnaubal;53;11.11;3.81
Carnaubal;53;15.54;5.06
Carnaubal;53;21.24;6.33
Carnaubal;53;28.31;7.82
Carnaubal;53;36.89;9.35
Carnaubal;53;47.04;10.94
Carnaubal;53;58.8;12.58
Carnaubal;53;72.3;14.42
Carnaubal;53;87.69;16.37
Carnaubal;53;95;19
Realejo;54;0;0
Realejo;54;0.002;0.005
Realejo;54;0.01;0.012
Realejo;54;0.04;0.05
Realejo;54;0.13;0.12
Realejo;54;0.31;0.24
Realejo;54;0.63;0.39
Realejo;54;1.16;0.65
Realejo;54;1.91;0.85
Realejo;54;2.97;1.25
Realejo;54;4.39;1.59
Realejo;54;6.15;1.92
Realejo;54;8.41;2.58
Realejo;54;11.22;3.04
Realejo;54;14.36;3.23
Realejo;54;17.82;3.68
Realejo;54;21.82;4.31
Realejo;54;26.47;4.98
Realejo;54;31.55;5.15
Realejo;54;37.27;6.29
S. Maria de Aracat.;55;0;0
S. Maria de Aracat.;55;0.04;0.09
S. Maria de Aracat.;55;0.09;0.19
S. Maria de Aracat.;55;0.45;0.3
S. Maria de Aracat.;55;1;0.6
S. Maria de Aracat.;55;1.54;0.9
S. Maria de Aracat.;55;2.48;1.23
S. Maria de Aracat.;55;4.08;1.5
S. Maria de Aracat.;55;6.12;1.98
S. Maria de Aracat.;55;8.2;2.4
S. Maria de Aracat.;55;9;3
Patos;56;0;0
Patos;56;0.004;0.008
Patos;56;0.03;0.05
Patos;56;0.13;0.13
Patos;56;0.3;0.22
Patos;56;0.6;0.36
Patos;56;1.12;0.68
Patos;56;1.92;0.9
Patos;56;2.91;1.08
Patos;56;4.13;1.34
Patos;56;5.65;1.7
Patos;56;7.55;2.09
Patos;56;9.7;2.53
Patos;56;10;3
Tucunduba;58;0;0
Tucunduba;58;0.1;0.19
Tucunduba;58;0.39;0.63
Tucunduba;58;1.2;1.07
Tucunduba;58;2.55;1.87
Tucunduba;58;4.7;2.66
Tucunduba;58;7.88;3.68
Tucunduba;58;12.08;4.69
Tucunduba;58;17.27;5.85
Tucunduba;58;23.8;7.01
Tucunduba;58;31.3;8.89
Tucunduba;58;41.43;10.77
Tucunduba;58;52.85;12.59
Tucunduba;58;66.21;14.41
Farias de Sousa;59;0;0
Farias de Sousa;59;0.005;0.01
Farias de Sousa;59;0.05;0.08
Farias de Sousa;59;0.16;0.14
Farias de Sousa;59;0.39;0.32
Farias de Sousa;59;0.8;0.5
Farias de Sousa;59;1.37;0.64
Farias de Sousa;59;2.08;0.78
Farias de Sousa;59;2.94;0.94
Farias de Sousa;59;3.96;1.1
Farias de Sousa;59;5.17;1.3
Farias de Sousa;59;6.59;1.52
Farias de Sousa;59;8.23;1.75
Farias de Sousa;59;10.11;2
Farias de Sousa;59;12.23;2.27
Farias de Sousa;59;14;2.52
Farias de Sousa;59;16.25;2.81
Diamante;60;0;0
Diamante;60;0.2;0.18
Diamante;60;0.5;0.3
Diamante;60;1;0.44
Diamante;60;1.6;0.62
Diamante;60;2.3;0.84
Diamante;60;3.2;1.1
Diamante;60;4.2;1.42
Diamante;60;5.8;1.78
Diamante;60;8;2.2
Diamante;60;10.5;2.62
Diamante;60;13.2;3.2
Diamante;60;17;3.8
Diamante;60;20;4.2
Mundaú;61;0;0
Mundaú;61;0.05;0.02
Mundaú;61;0.84;0.29
Mundaú;61;3.1;0.61
Mundaú;61;6.7;0.82
Mundaú;61;11.22;0.97
Mundaú;61;16.51;1.14
Mundaú;61;21.3;1.23
Mundaú;61;22.5;1.25
Mundaú;61;29.17;1.41
Mundaú;61;36.49;1.51
Mundaú;61;44.45;1.66
Premuoca;62;0;0
Premuoca;62;0.003;0.006
Premuoca;62;0.02;0.03
Premuoca;62;0.09;0.1
Premuoca;62;0.25;0.2
Premuoca;62;0.51;0.31
Premuoca;62;0.89;0.45
Premuoca;62;1.41;0.59
Premuoca;62;2.09;0.74
Premuoca;62;2.93;0.94
Premuoca;62;3.97;1.13
Premuoca;62;5.2;1.33
Premuoca;62;6.63;1.53
Premuoca;62;8.27;1.74
Lima Campos;63;0;0
Lima Campos;63;0.02;0.03
Lima Campos;63;0.27;0.44
Lima Campos;63;0.99;1
Lima Campos;63;2.44;1.89
Lima Campos;63;4.64;2.89
Lima Campos;63;8.19;3.8
Lima Campos;63;12.5;4.81
Lima Campos;63;17.96;6.09
Lima Campos;63;24.92;7.83
Lima Campos;63;33.81;9.95
Lima Campos;63;44.82;12.05
Lima Campos;63;58.26;14.87
Lima Campos;63;66.38;16.18
Lima Campos;63;74.47;17.49
Lima Campos;63;93.64;20.83
Lima Campos;63;116.32;24.52
Lima Campos;63;142.62;28.07
Lima Campos;63;172.49;31.65
Bonito;64;0;0
Bonito;64;0.07;0.07
Bonito;64;0.15;0.08
Bonito;64;0.25;0.11
Bonito;64;0.45;0.28
Bonito;64;0.8;0.41
Bonito;64;1.3;0.58
Bonito;64;2;0.81
Bonito;64;2.85;0.88
Bonito;64;3.85;1.11
Bonito;64;5.15;1.48
Bonito;64;6;1.54
Bonito;64;6.7;1.61
Bonito;64;8.5;1.98
Bonito;64;10.6;2.22
Carão;65;0;0
Carão;65;0;0.038
Carão;65;0.086;0.133
Carão;65;0.232;0.158
Carão;65;0.398;0.173
Carão;65;0.597;0.224
Carão;65;0.948;0.478
Carão;65;1.593;0.81
Carão;65;2.523;1.05
Carão;65;3.895;1.693
Carão;65;5.809;2.134
Carão;65;8.139;2.526
Carão;65;10.797;2.789
Carão;65;13.655;2.926
Carão;65;16.68;3.122
Carão;65;20.62;4.756
Carão;65;26.234;6.471
Carão;65;30;10
Sucesso;66;0;0
Sucesso;66;0.02;0.05
Sucesso;66;0.1;0.11
Sucesso;66;0.31;0.33
Sucesso;66;0.78;0.67
Sucesso;66;1.55;0.94
Sucesso;66;2.68;1.39
Sucesso;66;4.1;1.66
Sucesso;66;5.84;1.94
Sucesso;66;7.79;2.16
Sucesso;66;10;2.44
Sucesso;66;12.3;2.62
Poço do Barro;67;0;0
Poço do Barro;67;0.903;0.9
Poço do Barro;67;1.8;1.17525
Poço do Barro;67;3.35;1.4505
Poço do Barro;67;4.701;1.68
Poço do Barro;67;6.3375;1.9095
Poço do Barro;67;8.52;2.49975
Poço do Barro;67;11.3495;3.09
Poço do Barro;67;14.7;3.62
Poço do Barro;67;18.3875;4.15
Poço do Barro;67;23;5.2
Poço do Barro;67;28.667;6.25
Poço do Barro;67;35.5;7.25
Poço do Barro;67;43.25;8.25
Poço do Barro;67;52;9.59525
Poço do Barro;67;62.36;10.9405
Quincoé;68;0;0
Quincoé;68;0.00003;0.000270665
Quincoé;68;0.000463;0.001635135
Quincoé;68;0.001855;0.004303388
Quincoé;68;0.006355;0.015856451
Quincoé;68;0.018573;0.033531212
Quincoé;68;0.038742;0.050771262
Quincoé;68;0.073468;0.078813683
Quincoé;68;0.119674;0.104198607
Quincoé;68;0.180885;0.133279576
Quincoé;68;0.252083;0.158337094
Quincoé;68;0.33994;0.189662371
Quincoé;68;0.445443;0.228576465
Quincoé;68;0.57522;0.282248097
Quincoé;68;0.727198;0.345272455
Quincoé;68;0.929393;0.411722278
Quincoé;68;1.151233;0.475442269
Quincoé;68;1.411249;0.549905373
Quincoé;68;1.710509;0.637438406
Quincoé;68;2.048381;0.716786709
Quincoé;68;2.430752;0.794821532
Quincoé;68;2.850413;0.873084329
Quincoé;68;3.306075;0.942893948
Quincoé;68;3.79465;1.011928277
Quincoé;68;4.33;1.097092039
Quincoé;68;5.358679;1.25129013
Jaburu I;69;0;0
Jaburu I;69;0.000287;0.000287
Jaburu I;69;0.00208;0.00208
Jaburu I;69;0.010549;0.010549
Jaburu I;69;0.02997;0.02997
Jaburu I;69;0.064084;0.064084
Jaburu I;69;0.161122;0.120813
Jaburu I;69;0.320172;0.201037
Jaburu I;69;0.568667;0.299218
Jaburu I;69;0.924058;0.407924
Jaburu I;69;1.381076;0.506959
Jaburu I;69;1.933699;0.595304
Jaburu I;69;2.573438;0.689762
Jaburu I;69;3.322937;0.808466
Jaburu I;69;4.185373;0.919847
Jaburu I;69;5.161592;1.030441
Jaburu I;69;6.243966;1.134426
Jaburu I;69;7.432055;1.242819
Jaburu I;69;8.731118;1.359945
Jaburu I;69;10.161139;1.502272
Jaburu I;69;11.753522;1.691156
Jaburu I;69;13.555585;1.922684
Jaburu I;69;15.612666;2.195521
Jaburu I;69;17.942243;2.464152
Jaburu I;69;20.542772;2.743895
Jaburu I;69;23.437206;3.059906
Jaburu I;69;26.673325;3.423234
Jaburu I;69;30.295348;3.820573
Jaburu I;69;34.316183;4.226086
Jaburu I;69;38.759818;4.672094
Jaburu I;69;43.659312;5.120269
Jaburu I;69;48.999283;5.558217
Jaburu I;69;54.780814;6.001662
Jaburu I;69;60.997343;6.436711
Jaburu I;69;67.666236;6.899758
Jaburu I;69;74.784706;7.330967
Jaburu I;69;82.316848;7.721874
Jaburu I;69;90.212376;8.058855
Jaburu I;69;98.414273;8.335473
Jaburu I;69;106.849721;8.523847
Jaburu I;69;115.51058;8.774181
Jaburu I;69;124.384558;8.924238
Jaburu I;69;133.399627;9.030246
Jaburu I;69;136.760152;9.058243
Jaburu I;69;142.607751;9.809976
Várzea da Volta;70;0;0
Várzea da Volta;70;0.05;0.1
Várzea da Volta;70;0.2;0.22
Várzea da Volta;70;0.45;0.35
Várzea da Volta;70;0.9;0.52
Várzea da Volta;70;1.5;0.7
Várzea da Volta;70;2.3;1.01
Várzea da Volta;70;3.4;1.32
Várzea da Volta;70;4.95;2.55
Várzea da Volta;70;7.75;3.77
Várzea da Volta;70;12.5;4.55
Várzea da Volta;70;16.63;5.33
Várzea da Volta;70;18;7
Pacoti/Riachão;71;0.01;0.02
Pacoti/Riachão;71;0.060015;0.07008
Pacoti/Riachão;71;0.190504;0.211544
Pacoti/Riachão;71;0.55;0.55
Pacoti/Riachão;71;1.39;1.17
Pacoti/Riachão;71;3.12;2.33
Pacoti/Riachão;71;6.13;3.74
Pacoti/Riachão;71;10.68;5.37
Pacoti/Riachão;71;16.92;7.11
Pacoti/Riachão;71;24.98;9.02
Pacoti/Riachão;71;35.04;11.03
Pacoti/Riachão;71;47.2;13.38
Pacoti/Riachão;71;61.78;15.72
Pacoti/Riachão;71;78.82;18.31
Pacoti/Riachão;71;98.55;21.09
Pacoti/Riachão;71;121.3;24.25
Pacoti/Riachão;71;147.18;27.48
Pacoti/Riachão;71;176.23;30.13
Pacoti/Riachão;71;196.5546;31.28359996
Pacoti/Riachão;71;206.31;33.89
Pacoti/Riachão;71;242.84;37.46
Pacoti/Riachão;71;259.022528;38.97619258
Pacoti/Riachão;71;281.37;41.07
Pacoti/Riachão;71;324.74;45.1
Pacoti/Riachão;71;373.55;49.3
Pacoti/Riachão;71;426.95;53.69
Pacoti/Riachão;71;485.16;58.25
Forquilha II;72;0;0
Forquilha II;72;0.12;0.08
Forquilha II;72;0.23;0.12
Forquilha II;72;0.4;0.18
Forquilha II;72;0.6;0.26
Forquilha II;72;0.93;0.38
Forquilha II;72;1.39;0.46
Forquilha II;72;1.9;0.6
Forquilha II;72;2.58;0.76
Forquilha II;72;3;0.83
Forquilha II;72;3.4;0.9
Forquilha II;72;4.4;1.06
Forquilha II;72;5.53;1.2
Pinga;73;0;0
Pinga;73;0.00001225;0.000151706
Pinga;73;0.00048155;0.002252356
Pinga;73;0.002242;0.004365448
Pinga;73;0.00478801;0.005967382
Pinga;73;0.008559;0.009194432
Pinga;73;0.013958;0.012194411
Pinga;73;0.020692;0.01478852
Pinga;73;0.028779;0.017610551
Pinga;73;0.038418;0.021074731
Pinga;73;0.049902;0.024908656
Pinga;73;0.063358;0.028950127
Pinga;73;0.079023;0.034300884
Pinga;73;0.097888;0.041307098
Pinga;73;0.120349;0.049532719
Pinga;73;0.146237;0.056186413
Pinga;73;0.19;0.069
Pinga;73;0.244;0.085
Canafístula;74;0;0
Canafístula;74;0.02;0.05
Canafístula;74;0.13;0.14
Canafístula;74;0.37;0.35
Canafístula;74;0.81;0.54
Canafístula;74;1.51;0.84
Canafístula;74;2.51;1.16
Canafístula;74;3.88;1.56
Canafístula;74;5.63;1.94
Canafístula;74;7.73;2.25
Canafístula;74;10.2;2.67
Canafístula;74;13.11;3.15
Canafístula;74;15;4.5
Canafístula;74;17;5
Tatajuba;75;0;0
Tatajuba;75;0.002;0.004
Tatajuba;75;0.01;0.01
Tatajuba;75;0.02;0.03
Tatajuba;75;0.06;0.06
Tatajuba;75;0.11;0.1
Tatajuba;75;0.18;0.14
Tatajuba;75;0.28;0.2
Tatajuba;75;0.43;0.29
Tatajuba;75;0.62;0.37
Tatajuba;75;0.83;0.41
Tatajuba;75;1.09;0.52
Tatajuba;75;1.43;0.69
Tatajuba;75;1.82;0.77
Tatajuba;75;2.24;0.84
Tatajuba;75;2.72;0.94
Tatajuba;75;3;1
Tatajuba;75;3.5;1.8
Frios;77;0;0
Frios;77;0.003733;0.01
Frios;77;0.02;0.03
Frios;77;0.09;0.1
Frios;77;0.28;0.27
Frios;77;0.64;0.45
Frios;77;1.21;0.67
Frios;77;2.02;0.94
Frios;77;3.16;1.32
Frios;77;4.62;1.6
Frios;77;6.44;2.03
Frios;77;8.68;2.45
Frios;77;11.36;2.89
Frios;77;14.48;3.34
Frios;77;18.11;3.9
Frios;77;22.36;4.59
Frios;77;27.32;5.32
Frios;77;33.02;6.07
Frios;77;39.51;6.9
Frios;77;46.9;7.88
Frios;77;55.15;8.6
Frios;77;64.47;10.02
Acarape do Meio;78;0;0
Acarape do Meio;78;0.01;0.02
Acarape do Meio;78;0.05;0.07
Acarape do Meio;78;0.15;0.13
Acarape do Meio;78;0.32;0.21
Acarape do Meio;78;0.58;0.3
Acarape do Meio;78;0.93;0.4
Acarape do Meio;78;1.38;0.49
Acarape do Meio;78;1.91;0.57
Acarape do Meio;78;2.51;0.65
Acarape do Meio;78;3.21;0.73
Acarape do Meio;78;3.99;0.84
Acarape do Meio;78;4.9;0.99
Acarape do Meio;78;5.96;1.12
Acarape do Meio;78;7.15;1.26
Acarape do Meio;78;8.49;1.323
Acarape do Meio;78;9.98;1.412
Acarape do Meio;78;11.62;1.478
Acarape do Meio;78;13.4;1.555
Acarape do Meio;78;15.29;1.615
Acarape do Meio;78;17.25;1.677
Acarape do Meio;78;18.15;1.741
Acarape do Meio;78;19.5;1.804
Acarape do Meio;78;21.8;1.873
Acarape do Meio;78;24.3;1.993
Acarape do Meio;78;27;1.999
Acarape do Meio;78;30;2.067
Acarape do Meio;78;31.5;2.2
Acarape do Meio;78;33.5;2.25
Acarape do Meio;78;34;2.29
Acarape do Meio;78;36;2.35
Quandú;79;0;0
Quandú;79;0.0056;0.01
Quandú;79;0.02;0.03
Quandú;79;0.08;0.07
Quandú;79;0.16;0.08
Quandú;79;0.26;0.11
Quandú;79;0.4;0.15
Quandú;79;0.57;0.18
Quandú;79;0.78;0.23
Quandú;79;1.02;0.26
Quandú;79;1.3;0.28
Quandú;79;1.61;0.33
Quandú;79;1.95;0.36
Quandú;79;2.39;0.4
Quandú;79;2.77;0.45
Quandú;79;3.6;0.47
Quandú;79;4;0.52
Quandú;79;4.428;0.550000012
Quandú;79;5.118;0.6
Pacajus;80;0;0
Pacajus;80;0.01;0.03
Pacajus;80;0.16;0.32
Pacajus;80;0.81;1.16
Pacajus;80;2.87;3.1
Pacajus;80;7.1;5.4
Pacajus;80;13.64;7.66
Pacajus;80;22.6;10.43
Pacajus;80;34.71;13.76
Pacajus;80;50.11;16.98
Pacajus;80;68.9;20.72
Pacajus;80;91.44;24.24
Pacajus;80;117.23;27.12
Pacajus;80;145.38;29.08
Pacajus;80;175.37;30.88
Pacajus;80;207.17;32.71
Pacajus;80;240;35.56
Pacajus;80;278.3;40.96
São Vicente;81;0;0.03
São Vicente;81;0.04;0.05
São Vicente;81;0.15;0.15
São Vicente;81;0.31;0.17
São Vicente;81;0.58;0.35
São Vicente;81;0.94;0.36
São Vicente;81;1.35;0.46
São Vicente;81;1.85;0.53
São Vicente;81;2.41;0.58
São Vicente;81;3.06;0.7
São Vicente;81;3.83;0.82
São Vicente;81;4.74;0.99
São Vicente;81;5.82;1.16
São Vicente;81;7;1.18
São Vicente;81;8.2;1.19
São Vicente;81;9.84;2.09
São Vicente;81;11;2.7
São Vicente;81;15;3.5
Potiretama;82;0;0
Potiretama;82;0.002;0.004
Potiretama;82;0.04;0.08
Potiretama;82;0.17;0.16
Potiretama;82;0.37;0.23
Potiretama;82;0.65;0.31
Potiretama;82;1.04;0.45
Potiretama;82;1.59;0.64
Potiretama;82;2.37;0.92
Potiretama;82;3.4;1.12
Potiretama;82;4.69;1.47
Potiretama;82;6.33;1.78
Potiretama;82;7;2
Potiretama;82;9;3.5
Arrebita;83;0;0
Arrebita;83;0.002166;0.0065
Arrebita;83;0.02;0.03
Arrebita;83;0.09;0.11
Arrebita;83;0.29;0.28
Arrebita;83;0.67;0.46
Arrebita;83;1.27;0.74
Arrebita;83;2.2;1.1
Arrebita;83;3.47;1.44
Arrebita;83;5.1;1.81
Arrebita;83;7.13;2.23
Arrebita;83;9.56;2.63
Arrebita;83;12.43;3.09
Arrebita;83;15.75;3.55
Arrebita;83;19.6;4.13
Arrebita;83;24.11;4.88
Arrebita;83;29.23;5.35
Arrebita;83;34.86;5.89
Cipoada;84;0;0
Cipoada;84;0.13;0.27
Cipoada;84;0.8;1.06
Cipoada;84;2.17;1.67
Cipoada;84;4.03;2.04
Cipoada;84;6.52;2.94
Cipoada;84;9.75;3.503
Cipoada;84;13.54;4.08
Cipoada;84;18.07;4.98
Cipoada;84;23.94;6.74
Cipoada;84;31.14;7.66
Cipoada;84;39.38;8.81
Cipoada;84;48.91;10.25
Cipoada;84;59.87;11.64
Cipoada;84;72.22;13.07
Cipoada;84;86.09;14.66
Cipoada;84;101.3;16.16
Cipoada;84;118.69;18.21
Cipoada;84;137.85;20.12
São José II;85;0;0
São José II;85;0.15;0.15
São José II;85;1.5;0.6
São José II;85;3.03;0.99
São José II;85;11.49;2.39
São José II;85;17;3.2
São José II;85;29.14;4.67
São José II;85;60.51;7.87
Riacho Verde;86;0;0
Riacho Verde;86;0.05;0.08
Riacho Verde;86;0.15;0.11
Riacho Verde;86;0.3;0.17
Riacho Verde;86;0.51;0.24
Riacho Verde;86;0.81;0.35
Riacho Verde;86;1.21;0.45
Riacho Verde;86;1.73;0.58
Riacho Verde;86;2.39;0.72
Riacho Verde;86;3.18;0.86
Riacho Verde;86;4.11;1
Riacho Verde;86;5.19;1.15
Riacho Verde;86;6.41;1.29
Riacho Verde;86;7.78;1.42
Riacho Verde;86;9.31;1.62
Riacho Verde;86;11.07;1.9
Riacho Verde;86;13.11;2.16
Pacoti;88;0;0
Pacoti;88;0.000002;0.000159
Pacoti;88;0.01;0.02
Pacoti;88;0.06;0.07
Pacoti;88;0.19;0.21
Pacoti;88;0.54;0.51
Pacoti;88;1.27;0.99
Pacoti;88;2.74;2
Pacoti;88;5.34;3.24
Pacoti;88;9.28;4.66
Pacoti;88;14.71;6.2
Pacoti;88;21.74;7.89
Pacoti;88;30.54;9.65
Pacoti;88;41.2;11.75
Pacoti;88;54.01;13.82
Pacoti;88;69;16.14
Pacoti;88;86.4;18.62
Pacoti;88;106.52;21.45
Pacoti;88;129.4;24.29
Pacoti;88;155.04;26.51
Pacoti;88;172.85;27.36
Pacoti;88;181.31;29.81
Pacoti;88;213.56;33.12
Pacoti;88;249.37;36.59
Pacoti;88;288.93;40.24
Pacoti;88;332.41;44.05
Pacoti;88;380;48.04
Pacoti;88;431.9;52.21
Parambu;89;0;0
Parambu;89;0.04;0.01
Parambu;89;0.21;0.05
Parambu;89;2.75;0.96
Parambu;89;4.96;1.24
Parambu;89;7.73;1.52
Parambu;89;8.53;1.59
Parambu;89;9.32;1.65
Parambu;89;19.36;2.36
Poço Verde;90;0;0
Poço Verde;90;0.000572;0.002530426
Poço Verde;90;0.019772;0.051134379
Poço Verde;90;0.165887;0.24027473
Poço Verde;90;0.545814;0.537268416
Poço Verde;90;1.306634;1.007189462
Poço Verde;90;2.584909;1.544344041
Poço Verde;90;4.429477;2.145415552
Poço Verde;90;6.851452;2.617744826
Poço Verde;90;9.566466;2.812218908
Poço Verde;90;11.582666;2.96137659
Poço Verde;90;12.43;3.035
Poço Verde;90;15.35;3.83
Tejuçuoca;92;0;0
Tejuçuoca;92;0.000519;0.001559
Tejuçuoca;92;0.002624;0.00265
Tejuçuoca;92;0.007378;0.006859
Tejuçuoca;92;0.01;0.01
Tejuçuoca;92;0.03;0.02
Tejuçuoca;92;0.06;0.04
Tejuçuoca;92;0.12;0.08
Tejuçuoca;92;0.23;0.13
Tejuçuoca;92;0.39;0.18
Tejuçuoca;92;0.62;0.28
Tejuçuoca;92;0.98;0.42
Tejuçuoca;92;1.47;0.56
Tejuçuoca;92;2.12;0.72
Tejuçuoca;92;2.92;0.87
Tejuçuoca;92;3.88;1.04
Tejuçuoca;92;5.04;1.28
Tejuçuoca;92;6.46;1.55
Tejuçuoca;92;8.14;1.8
Tejuçuoca;92;10.08;2.07
Tejuçuoca;92;12.31;2.37
Tejuçuoca;92;14.89;2.78
Tejuçuoca;92;17.88;3.18
Tejuçuoca;92;21.35;3.76
Tejuçuoca;92;25.36;4.25
Tejuçuoca;92;28.11;4.57
Tejuçuoca;92;29.87;4.77
Tejuçuoca;92;34.92;5.32
Tejuçuoca;92;40.66;6.15
Tejuçuoca;92;47.21;6.95
Tejuçuoca;92;54.58;7.79
Tejuçuoca;92;62.81;8.65
Gavião;95;0;0
Gavião;95;0.00664016;0.036827717
Gavião;95;0.191834616;0.335980616
Gavião;95;0.678215959;0.650428737
Gavião;95;1.525240443;1.05968934
Gavião;95;2.797454478;1.515288837
Gavião;95;4.561743829;2.032819541
Gavião;95;6.869038363;2.578770858
Gavião;95;9.749397103;3.193478327
Gavião;95;13.25611308;3.833025535
Gavião;95;17.42963963;4.535194455
Gavião;95;22.21607126;5.01207549
Gavião;95;27.4098963;5.403946363
Gavião;95;30.5488517;5.80850908
Gavião;95;33.3;5.9
Gavião;95;40.05;6.14
Trapiá II;96;0;0
Trapiá II;96;0.00768;0.00768
Trapiá II;96;0.04;0.03
Trapiá II;96;0.19;0.1
Trapiá II;96;0.51;0.21
Trapiá II;96;1.08;0.35
Trapiá II;96;2;0.57
Trapiá II;96;3.4;0.83
Trapiá II;96;5.31;1.07
Trapiá II;96;7.72;1.33
Trapiá II;96;10.65;1.59
Trapiá II;96;14.13;1.87
Trapiá II;96;18.19;2.18
Trapiá II;96;22.82;2.45
Trapiá II;96;25.43;2.76
Castro;97;0;0.01
Castro;97;1.5;0.58
Castro;97;7.82;1.94
Castro;97;22.46;3.91
Castro;97;49.92;7.07
Castro;97;63.9;8.44
Castro;97;65;9
Castro;97;67;11
Serafim Dias;99;0;0
Serafim Dias;99;0.02;0.02
Serafim Dias;99;0.84;0.38
Serafim Dias;99;2.05;0.65
Serafim Dias;99;4;1.22
Serafim Dias;99;5.86;1.62
Serafim Dias;99;19.2;3.71
Serafim Dias;99;43;6.88
Serafim Dias;99;51;7.9
Serafim Dias;99;60;8.5
Serafim Dias;99;64;9.8
Valério;110;0;0
Valério;110;0.0012;0.0024
Valério;110;0.005;0.0076
Valério;110;0.01;0.01
Valério;110;0.03;0.03
Valério;110;0.05;0.05
Valério;110;0.09;0.08
Valério;110;0.15;0.11
Valério;110;0.23;0.15
Valério;110;0.32;0.19
Valério;110;0.44;0.23
Valério;110;0.58;0.27
Valério;110;0.73;0.3
Valério;110;0.89;0.32
Valério;110;1.08;0.37
Valério;110;1.28;0.4
Valério;110;1.52;0.46
Valério;110;1.76;0.48
Valério;110;2.02;0.51
Valério;110;2.28;0.582
Tigre;111;0;0.008397756
Tigre;111;0.01339;0.0183826
Tigre;111;0.044835;0.044507442
Tigre;111;0.105014;0.075849419
Tigre;111;0.193547;0.101217936
Tigre;111;0.309233;0.130153731
Tigre;111;0.454962;0.16130336
Tigre;111;0.636647;0.202066633
Tigre;111;0.864647;0.253934466
Tigre;111;1.152271;0.321313429
Tigre;111;1.510505;0.395154839
Tigre;111;1.947133;0.478101081
Tigre;111;2.474753;0.577138472
Tigre;111;3.039661;0.624792036
Tigre;111;3.51;0.738
Angicos;112;0;0
Angicos;112;0.002;0.0045
Angicos;112;0.01;0.02
Angicos;112;0.1;0.15
Angicos;112;0.39;0.42
Angicos;112;1.03;0.85
Angicos;112;2.1;1.28
Angicos;112;3.7;1.92
Angicos;112;6.05;2.77
Angicos;112;9.33;3.77
Angicos;112;13.72;5
Angicos;112;19.09;5.73
Angicos;112;25.26;6.59
Angicos;112;32.39;7.67
Angicos;112;40.82;9.17
Angicos;112;50.6;10.38
Angicos;112;56.05;10.9
Angicos;112;61.5;11.42
Angicos;112;73.49;12.55
Angicos;112;86.69;13.84
Angicos;112;101.14;15.03
Riachão;117;0;0
Riachão;117;0.000015;0.00008
Riachão;117;0.000504;0.001544
Riachão;117;0.01;0.04
Riachão;117;0.12;0.18
Riachão;117;0.38;0.33
Riachão;117;0.79;0.5
Riachão;117;1.4;0.71
Riachão;117;2.21;0.91
Riachão;117;3.24;1.13
Riachão;117;4.5;1.38
Riachão;117;6;1.63
Riachão;117;7.77;1.9
Riachão;117;9.82;2.17
Riachão;117;12.15;2.47
Riachão;117;14.78;2.8
Riachão;117;17.78;3.19
Riachão;117;21.19;3.62
Riachão;117;25;4.08
Riachão;117;29.28;4.34
Riachão;117;30.4224;4.3988
Riachão;117;32;4.48
Riachão;117;35.81;4.86
Riachão;117;41.14;5.25
Riachão;117;46.95;5.65
Riachão;117;53.26;6.04
Estrema;118;0;0
Estrema;118;0.0064;0.008
Estrema;118;0.01;0.01
Estrema;118;0.03;0.02
Estrema;118;0.06;0.03
Estrema;118;0.1;0.03
Estrema;118;0.14;0.04
Estrema;118;0.22;0.1
Estrema;118;0.35;0.14
Estrema;118;0.53;0.18
Estrema;118;0.75;0.24
Estrema;118;1.02;0.3
Estrema;118;1.3;0.42
Estrema;118;1.85;0.47
Estrema;118;2.35;0.53
Estrema;118;2.9;0.55
Estrema;118;3.62;0.56
Fogareiro;119;0;0
Fogareiro;119;0.0015;0.00225
Fogareiro;119;0.01;0.007083
Fogareiro;119;0.03;0.01
Fogareiro;119;0.14;0.07
Fogareiro;119;0.65;0.34
Fogareiro;119;2.26;0.93
Fogareiro;119;5.79;1.85
Fogareiro;119;12.17;3.24
Fogareiro;119;22.35;4.9
Fogareiro;119;37.87;7.51
Fogareiro;119;60.7;10.74
Fogareiro;119;93.64;15.61
Fogareiro;119;118.82;18.457646
Fogareiro;119;146.05;21.54
Fogareiro;119;200.21;26.55
Jerimum;121;0;0
Jerimum;121;0.00375;0.01
Jerimum;121;0.04;0.06
Jerimum;121;0.13;0.11
Jerimum;121;0.29;0.2
Jerimum;121;0.55;0.31
Jerimum;121;0.91;0.41
Jerimum;121;1.43;0.62
Jerimum;121;2.08;0.68
Jerimum;121;2.8;0.74
Jerimum;121;3.62;0.9
Jerimum;121;4.6;1.04
Jerimum;121;5.74;1.22
Jerimum;121;7.06;1.42
Jerimum;121;8.51;1.46
Jerimum;121;10.04;1.6
Jerimum;121;11.72;1.77
Jerimum;121;13.58;1.94
Jerimum;121;15.66;2.22
Jerimum;121;17.98;2.41
Jerimum;121;20.5;2.69
Jerimum;121;23.38;3
Jerimum;121;26.61;3.45
Jerimum;121;30.31;3.96
Trussu;122;0;0.02
Trussu;122;3.3;1.3
Trussu;122;19.08;5.01
Trussu;122;52.54;8.37
Trussu;122;108.73;14.11
Trussu;122;199.43;22.17
Trussu;122;301;27.45
Trussu;122;326.79;28.77
Trussu;122;350;30
Broco;125;0.0024;0.0048
Broco;125;0.02;0.03
Broco;125;0.1;0.12
Broco;125;0.46;0.25
Broco;125;1.5;1.29
Broco;125;4.14;3.09
Broco;125;9.13;5.73
Broco;125;17.5;9.36
Martinópole;126;0;0
Martinópole;126;0.01;0.02
Martinópole;126;0.09;0.14
Martinópole;126;0.43;0.52
Martinópole;126;1.12;0.86
Martinópole;126;2.41;1.72
Martinópole;126;4.59;2.26
Martinópole;126;7.65;3.49
Martinópole;126;11.72;4.64
Martinópole;126;16.93;5.78
Martinópole;126;23.2;6.74
Martinópole;126;30.23;7.31
Martinópole;126;37.99;8.21
Martinópole;126;46.59;8.97
Canoas;127;0;0
Canoas;127;0.000012;0.000245
Canoas;127;0.01;0.0045
Canoas;127;0.05;0.01
Canoas;127;0.61;0.2
Canoas;127;2.39;0.5
Canoas;127;6.14;0.99
Canoas;127;13.38;1.9
Canoas;127;25.83;3.08
Canoas;127;46.78;5.3
Canoas;127;69.25;6.6
Canoas;127;83.85;18
Canoas;127;128.85;20
Trapiá III;129;0;0
Trapiá III;129;0.00125;0.0025
Trapiá III;129;0.00625;0.0075
Trapiá III;129;0.01;0.01
Trapiá III;129;0.04;0.03
Trapiá III;129;0.11;0.09
Trapiá III;129;0.22;0.13
Trapiá III;129;0.39;0.2
Trapiá III;129;0.62;0.25
Trapiá III;129;0.93;0.35
Trapiá III;129;1.33;0.45
Trapiá III;129;1.85;0.57
Trapiá III;129;2.49;0.71
Trapiá III;129;3.3;0.9
Trapiá III;129;4.3;1.11
Trapiá III;129;5.51;1.3
Trapiá III;129;6.88;1.57
Vieirão;130;0;0
Vieirão;130;0.03;0.07
Vieirão;130;0.14;0.15
Vieirão;130;0.33;0.22
Vieirão;130;0.59;0.29
Vieirão;130;0.94;0.4
Vieirão;130;1.39;0.49
Vieirão;130;1.95;0.62
Vieirão;130;2.66;0.8
Vieirão;130;3.6;1.06
Vieirão;130;4.8;1.33
Vieirão;130;6.26;1.6
Vieirão;130;8.01;1.89
Vieirão;130;10.08;2.23
Vieirão;130;12.49;2.59
Vieirão;130;15.33;3.1
Vieirão;130;18.84;3.92
Vieirão;130;20.96;4.55
Vieirão;130;25;5
Tijuquinha;132;0;0
Tijuquinha;132;0.000793;0
Tijuquinha;132;0.003272;0.001
Tijuquinha;132;0.008347;0.004
Tijuquinha;132;0.016823;0.007
Tijuquinha;132;0.03074;0.01
Tijuquinha;132;0.051719;0.017
Tijuquinha;132;0.086373;0.025
Tijuquinha;132;0.137884;0.045
Tijuquinha;132;0.203831;0.058
Tijuquinha;132;0.283298;0.074
Tijuquinha;132;0.376668;0.085
Tijuquinha;132;0.484322;0.101
Tijuquinha;132;0.604844;0.114
Tijuquinha;132;0.737661;0.127
Tijuquinha;132;0.881235;0.138
Tijuquinha;132;0.974;0.1446
Tijuquinha;132;1.035738;0.149
Tijuquinha;132;1.118;0.16
Colina;133;0;0
Colina;133;0.008;0.01
Colina;133;0.02;0.03
Colina;133;0.07;0.1
Colina;133;0.16;0.17
Colina;133;0.29;0.25
Colina;133;0.48;0.38
Colina;133;0.86;0.75
Colina;133;1.45;1.17
Colina;133;2.21;1.51
Colina;133;3.25;1.82
Colina;133;4.3;2.09
Colina;133;5.5;2.4
Do Coronel;134;0;0
Do Coronel;134;0.000375;0.00125
Do Coronel;134;0.005;0.008
Do Coronel;134;0.01;0.01
Do Coronel;134;0.04;0.03
Do Coronel;134;0.08;0.05
Do Coronel;134;0.15;0.07
Do Coronel;134;0.24;0.1
Do Coronel;134;0.36;0.13
Do Coronel;134;0.51;0.17
Do Coronel;134;0.71;0.22
Do Coronel;134;0.97;0.29
Do Coronel;134;1.32;0.39
Do Coronel;134;1.77;0.5
Do Coronel;134;2.35;0.65
Do Coronel;134;3;1
Jatobá;135;0;0
Jatobá;135;0.00475;0.007
Jatobá;135;0.02;0.04
Jatobá;135;0.07;0.05
Jatobá;135;0.14;0.08
Jatobá;135;0.23;0.1
Jatobá;135;0.37;0.16
Jatobá;135;0.55;0.2
Jatobá;135;0.78;0.25
Jatobá;135;1.07;0.3
Jatobá;135;1.4;0.36
Jatobá;135;1.79;0.41
Jatobá;135;2.24;0.47
São Domingos;141;0;0
São Domingos;141;0.000012676;0.000125746
São Domingos;141;0.000819345;0.002477394
São Domingos;141;0.0074038;0.012071561
São Domingos;141;0.027738977;0.031532057
São Domingos;141;0.079299824;0.076262678
São Domingos;141;0.179972382;0.129612937
São Domingos;141;0.34092562;0.197471781
São Domingos;141;0.576186134;0.270395454
São Domingos;141;0.879519219;0.334389094
São Domingos;141;1.234927975;0.373221307
São Domingos;141;1.543677223;0.39804927
São Domingos;141;1.665;0.403
São Domingos;141;2.2;0.442
São Domingos;141;2.84;0.555
São Domingos;141;3.2;0.672
São Domingos;141;3.585;0.817
Pau Preto;148;0;0
Pau Preto;148;0.001015;0.00203
Pau Preto;148;0.006851;0.009641
Pau Preto;148;0.027346;0.031349
Pau Preto;148;0.078116;0.070191
Pau Preto;148;0.1803;0.134179
Pau Preto;148;0.358821;0.222862
Pau Preto;148;0.624534;0.308565
Pau Preto;148;0.97398;0.390327
Pau Preto;148;1.209261;0.52
Pau Preto;148;1.478659;0.653
Pau Preto;148;1.772534;0.815
Pau Preto;148;1.808767;0.828143895
Pau Preto;148;2.175;0.961
Pau Preto;148;2.6;1.14
Olho d'Água;155;0;0
Olho d'Água;155;0.045;0.09
Olho d'Água;155;0.18;0.18
Olho d'Água;155;0.415;0.29
Olho d'Água;155;0.7725;0.425
Olho d'Água;155;1.28;0.59
Olho d'Água;155;1.955;0.76
Olho d'Água;155;2.755;0.84
Olho d'Água;155;3.647;0.945
Olho d'Água;155;4.64;1.04
Olho d'Água;155;5.73;1.14
Olho d'Água;155;6.915;1.23
Olho d'Água;155;8.18;1.3
Olho d'Água;155;9.515;1.37
Olho d'Água;155;10.92;1.44
Olho d'Água;155;12.39;1.5
Olho d'Água;155;13.925;1.57
Olho d'Água;155;15.53;1.64
Olho d'Água;155;17.21;1.72
Olho d'Água;155;18.975;1.81
Olho d'Água;155;21;1.94
Olho d'Água;155;22.82;2
Olho d'Água;155;25.57;3.5
Cauhipe;158;0;0
Cauhipe;158;0.011261;0.023
Cauhipe;158;0.118847;0.193
Cauhipe;158;0.497665;0.565
Cauhipe;158;1.251487;0.943
Cauhipe;158;2.395889;1.346
Cauhipe;158;4.044729;1.952
Cauhipe;158;5.934911;2.619
Cauhipe;158;8.92797;3.367
Cauhipe;158;12;3.902
Cauhipe;158;12.595417;3.968
Cauhipe;158;16.865142;4.571
Cauhipe;158;21.786129;5.27
Sitios Novos;159;0;0
Sitios Novos;159;0.0006;0.003
Sitios Novos;159;0.02;0.05
Sitios Novos;159;0.18;0.3
Sitios Novos;159;0.62;0.87
Sitios Novos;159;1.57;1.89
Sitios Novos;159;3.32;3.5
Sitios Novos;159;6.03;5.42
Sitios Novos;159;9.72;7.38
Sitios Novos;159;14.44;9.43
Sitios Novos;159;20.31;11.73
Sitios Novos;159;27.47;14.32
Sitios Novos;159;36.03;17.11
Sitios Novos;159;46.04;20.01
Sitios Novos;159;57.74;23.39
Sitios Novos;159;71.2;26.93
Sitios Novos;159;86.5;30.59
Sitios Novos;159;103.67;34.33
Sitios Novos;159;123.23;38.11
Sitios Novos;159;126;38.73
Sitios Novos;159;144.34;42.22
Sitios Novos;159;167.55;46.41
Sitios Novos;159;192.67;50.23
Sitios Novos;159;219.58;53.83
Sitios Novos;159;248.28;57.39
Sousa;160;0;0
Sousa;160;0.01;0.02
Sousa;160;0.05;0.06
Sousa;160;0.14;0.12
Sousa;160;0.29;0.17
Sousa;160;0.54;0.32
Sousa;160;0.91;0.43
Sousa;160;1.42;0.57
Sousa;160;2.07;0.73
Sousa;160;2.91;0.94
Sousa;160;3.94;1.12
Sousa;160;5.25;1.49
Sousa;160;6.92;1.83
Sousa;160;8.94;2.21
Sousa;160;11.4;2.7
Sousa;160;14.39;3.29
Sousa;160;18.04;4
Sousa;160;22.51;4.94
Sousa;160;28.09;6.2
Sousa;160;30.84;6.835
Sousa;160;33.66;7.47
Sousa;160;39.24;8.74
Mons. Tabosa;161;0;0
Mons. Tabosa;161;0.64;0.16
Mons. Tabosa;161;2.42;0.55
Mons. Tabosa;161;4.63;0.92
Mons. Tabosa;161;6.8;1.25
Mons. Tabosa;161;12.1;1.814
Mons. Tabosa;161;15.4;2.19
Mons. Tabosa;161;22.72;2.69
Ubaldinho;162;0;0
Ubaldinho;162;1.52;0.76
Ubaldinho;162;10.6;2.61
Ubaldinho;162;31.8;5.61
Ubaldinho;162;66.65;8.32
Ubaldinho;162;119.79;12.93
Ubaldinho;162;201.96;19.93
Barra Velha;163;0;0
Barra Velha;163;0.629;0.384760638
Barra Velha;163;1.258;0.769521277
Barra Velha;163;1.88;1.15
Barra Velha;163;3.2;2.3
Barra Velha;163;5.66;3.46
Barra Velha;163;9.43;4.61
Barra Velha;163;15.09;6.15
Barra Velha;163;22.26;7.88
Barra Velha;163;32.07;10.19
Barra Velha;163;41.51;12.3
Barra Velha;163;56;13.84
Barra Velha;163;68.87;15.38
Barra Velha;163;86.8;17.49
Barra Velha;163;99.5;19.05
Barra Velha;163;105.67;19.99
Barra Velha;163;126.43;23.07
Madeiro;164;0;0
Madeiro;164;0.0018;0.0036
Madeiro;164;0.0096;0.01
Madeiro;164;0.03;0.04
Madeiro;164;0.07;0.08
Madeiro;164;0.14;0.13
Madeiro;164;0.24;0.19
Madeiro;164;0.37;0.26
Madeiro;164;0.54;0.35
Madeiro;164;0.78;0.46
Madeiro;164;1.07;0.57
Madeiro;164;1.4;0.67
Madeiro;164;1.79;0.78
Madeiro;164;2.26;0.93
Madeiro;164;2.81;1.1
Santa Maria;166;0;0
Santa Maria;166;0.0024;0.0048
Santa Maria;166;0.01455;0.0195
Santa Maria;166;0.072;0.0954
Santa Maria;166;0.2568;0.2682
Santa Maria;166;0.6492;0.5166
Santa Maria;166;1.347;0.879
Santa Maria;166;2.4216;1.2702
Santa Maria;166;3.9261;1.7388
Santa Maria;166;5.8668;2.1426
Santa Maria;166;8.181;2.4858
Pirabibu;167;0;0
Pirabibu;167;0.26;0.4308
Pirabibu;167;1.02;1.0961
Pirabibu;167;2.47;1.7975
Pirabibu;167;4.82;2.9003
Pirabibu;167;8.26;3.9885
Pirabibu;167;12.86;5.2207
Pirabibu;167;18.66;6.3641
Pirabibu;167;25.78;7.8753
Pirabibu;167;34.56;9.8949
Pirabibu;167;45.55;12.2733
Pirabibu;167;58.73;14.0935
Pirabibu;167;73.89;16.2262
Pirabibu;167;90.92;17.8262
Pirabibu;167;109.42;19.1901
Pirabibu;167;129.53;21.0177
Muquém;168;0;0
Muquém;168;0.013072;0.039612
Muquém;168;0.081172;0.136201
Muquém;168;0.203852;0.24536
Muquém;168;0.399566;0.391428
Muquém;168;0.697012;0.594891
Muquém;168;1.105827;0.817631
Muquém;168;1.63823;1.064805
Muquém;168;2.318142;1.359825
Muquém;168;3.130157;1.62403
Muquém;168;4.120881;1.981448
Muquém;168;5.344412;2.447062
Muquém;168;6.787775;2.886725
Muquém;168;8.455546;3.335543
Muquém;168;10.342385;3.773677
Muquém;168;12.441432;4.198095
Muquém;168;14.758373;4.633882
Muquém;168;17.320276;5.123806
Muquém;168;20.161796;5.683039
Muquém;168;23.282804;6.242016
Muquém;168;26.657396;6.749185
Muquém;168;30.278887;7.242981
Muquém;168;34.166246;7.7747
Muquém;168;38.334751;8.337
Muquém;168;42.833547;8.9976
Muquém;168;47.643;9.6197
Muquém;168;52.685659;10.0845
Muquém;168;57.960307;10.5493
Muquém;168;63.458403;10.9962
Muquém;168;69.315654;11.7145
Muquém;168;75.688893;12.7465
Muquém;168;82.608791;13.8398
Gangorra;169;0;0
Gangorra;169;0.01;0.02
Gangorra;169;0.05;0.05
Gangorra;169;0.12;0.08
Gangorra;169;0.5;0.66
Gangorra;169;1.51;1.34
Gangorra;169;3.1;1.85
Gangorra;169;5.33;2.6
Gangorra;169;8.36;3.45
Gangorra;169;12.25;4.32
Gangorra;169;17.16;5.48
Gangorra;169;23.31;6.82
Gangorra;169;30.82;8.2
Gangorra;169;39.81;9.76
Gangorra;169;50.34;11.31
Gangorra;169;62.5;13
Gangorra;169;76.43;14.84
Gangorra;169;92.25;16.8
Cachoeira;170;0;0
Cachoeira;170;0;0.01
Cachoeira;170;0;0.0263
Cachoeira;170;0.07;0.089
Cachoeira;170;0.18;0.165
Cachoeira;170;0.32;0.19725
Cachoeira;170;0.54;0.35505
Cachoeira;170;1.08;0.5523
Cachoeira;170;1.62;0.72325
Cachoeira;170;2.39;0.88105
Cachoeira;170;3.69;1.1046
Cachoeira;170;4.77;1.3939
Cachoeira;170;6.3;1.64375
Cachoeira;170;8.1;1.9199
Cachoeira;170;10.27;2.24865
Cachoeira;170;12.43;2.5511
Cachoeira;170;15.31;2.893
Cachoeira;170;34.33;4.8
Cachoeira;170;40;6
Cachoeira;170;43;9
Jenipapeiro;171;0;0
Jenipapeiro;171;0.009588;0.003875
Jenipapeiro;171;1.28;0.5
Jenipapeiro;171;7.07;1.8
Jenipapeiro;171;17;2.22
Jenipapeiro;171;21.13;3.88
Flor do Campo;172;0;0.03
Flor do Campo;172;0.1;0.08
Flor do Campo;172;0.3;0.43
Flor do Campo;172;1.2;1.3
Flor do Campo;172;2.9;2.17
Flor do Campo;172;5.5;2.98
Flor do Campo;172;9;3.98
Flor do Campo;172;13.4;4.94
Flor do Campo;172;18.8;5.87
Flor do Campo;172;25.3;6.96
Flor do Campo;172;32.8;8.18
Flor do Campo;172;41.8;9.77
Flor do Campo;172;52.3;11.3
Flor do Campo;172;64.5;13.02
Flor do Campo;172;78.3;14.67
Flor do Campo;172;93.9;16.42
Flor do Campo;172;111.3;18.39
Flor do Campo;172;130.6;20.35
Flor do Campo;172;151.9;22.19
Flor do Campo;172;175.1;24.08
Flor do Campo;172;200.1;26.09
Batente;173;0;0
Batente;173;0.000000174;0.000004777
Batente;173;0.000984052;0.003702406
Batente;173;0.011685009;0.020349359
Batente;173;0.049309095;0.060412672
Batente;173;0.158725396;0.188643913
Batente;173;0.562010733;0.70078455
Batente;173;1.685094667;1.610110339
Batente;173;3.919203482;2.903337493
Batente;173;7.491920316;4.217211497
Batente;173;12.13612487;4.945212181
Batente;173;17.28162797;5.329835384
Batente;173;22.76571123;5.615501753
Batente;173;28.47090923;5.790265892
Batente;173;33.51310746;5.97907159
Batente;173;34.3;6.08
Batente;173;39.2;7.28
Rivaldo de Carvalho;174;0;0
Rivaldo de Carvalho;174;0.000579;0.00115777
Rivaldo de Carvalho;174;0.00613;0.00994497
Rivaldo de Carvalho;174;0.043091;0.06397683
Rivaldo de Carvalho;174;0.170474;0.19078983
Rivaldo de Carvalho;174;0.460782;0.38982568
Rivaldo de Carvalho;174;0.94339;0.57539081
Rivaldo de Carvalho;174;1.629202;0.7962318
Rivaldo de Carvalho;174;2.558191;1.06174729
Rivaldo de Carvalho;174;3.810855;1.44357987
Rivaldo de Carvalho;174;5.408736;1.75218263
Rivaldo de Carvalho;174;7.312808;2.05596143
Rivaldo de Carvalho;174;9.511697;2.3418158
Rivaldo de Carvalho;174;11.995199;2.62518784
Rivaldo de Carvalho;174;14.761349;2.90711227
Rivaldo de Carvalho;174;17.822318;3.21482733
Rivaldo de Carvalho;174;19.52;3.57
Rivaldo de Carvalho;174;22.4;4
Benguê;177;0;0
Benguê;177;0.001614;0.003227
Benguê;177;0.03;0.06
Benguê;177;0.11;0.09
Benguê;177;0.23;0.14
Benguê;177;0.39;0.17
Benguê;177;0.6;0.25
Benguê;177;0.9;0.34
Benguê;177;1.3;0.44
Benguê;177;1.8;0.56
Benguê;177;2.43;0.68
Benguê;177;3.26;0.97
Benguê;177;4.36;1.22
Benguê;177;5.75;1.54
Benguê;177;7.46;1.86
Benguê;177;9.5;2.21
Benguê;177;11.91;2.6
Benguê;177;14.69;2.96
Benguê;177;17.82;3.29
Benguê;177;19.56;3.47927
Benguê;177;21.3;3.66
Benguê;177;25.15;4.04
Benguê;177;29.37;4.38
Benguê;177;33.94;4.76
Desterro;178;0;0
Desterro;178;0.0764;0.0152
Desterro;178;0.211;0.0391
Desterro;178;0.112;0.143
Desterro;178;0.308;0.248
Desterro;178;0.665;0.466
Desterro;178;1.259;0.72
Desterro;178;2.121;1
Desterro;178;3.258;1.27
Desterro;178;5.01;1.37
Desterro;178;5.7;1.4
Desterro;178;7.3;1.42
Penedo;179;0;0
Penedo;179;0.000152;0.00030402
Penedo;179;0.005097;0.00958531
Penedo;179;0.027363;0.03494667
Penedo;179;0.081324;0.07297675
Penedo;179;0.181176;0.1267257
Penedo;179;0.332904;0.17673016
Penedo;179;0.533166;0.22379385
Penedo;179;0.783376;0.27662641
Penedo;179;1.090216;0.33705434
Penedo;179;1.462317;0.40714766
Penedo;179;1.903658;0.47553401
Penedo;179;2.286;0.5283
Penedo;179;2.414;0.542756
Penedo;179;2.92;0.553
Itaúna;180;0;0
Itaúna;180;0.35;0.7
Itaúna;180;1.4;1.4
Itaúna;180;3.3;2.6
Itaúna;180;7.5;4
Itaúna;180;11;6.14
Itaúna;180;27;9.19
Itaúna;180;30;11
Itaúna;180;40;12.6
Itaúna;180;51.6;14.35
Itaúna;180;69;16.6
Itaúna;180;77.5;18
Itaúna;180;85.2;19.65
Itaúna;180;97.1;20.6
Itaúna;180;108;22.2
Itaúna;180;122.4;24.5
Itaúna;180;135;26.2
Itaúna;180;148.8;27
Itaúna;180;159;27.8
Itaúna;180;173.2;28.9
Itaúna;180;189;30.7
Rosário;181;0;0
Rosário;181;0.003911;0.011175
Rosário;181;0.020386;0.02174455
Rosário;181;0.059542;0.05653826
Rosário;181;0.18107;0.186517
Rosário;181;0.485045;0.42143312
Rosário;181;1.051349;0.7111736
Rosário;181;1.889112;0.96435321
Rosário;181;4.489914;1.63644859
Rosário;181;9.1964;3.07003743
Rosário;181;15.91915;3.6527126
Rosário;181;24.207006;4.6341436
Rosário;181;34.545463;5.70331315
Rosário;181;47.218527;6.96975055
Rosário;181;54.621896;7.83698937
Rosário;181;62.978587;8.87639243
Rosário;181;72.377468;9.91579549
Rosário;181;82.810178;10.95519855
São José III;185;0;0
São José III;185;0.00002;0.000193472
São José III;185;0.005533;0.029544559
São José III;185;0.034567;0.085026752
São José III;185;0.099686;0.178711919
São José III;185;0.21538;0.291478888
São José III;185;0.398278;0.441290193
São José III;185;0.649105;0.554565098
São José III;185;0.9578;0.674072685
São José III;185;1.325621;0.794546117
São José III;185;1.751494;0.916966434
São José III;185;2.248806;1.066376511
São José III;185;2.819533;1.22095499
São José III;185;3.476407;1.409145177
São José III;185;4.231826;1.608050879
São José III;185;5.070344;1.728992222
São José III;185;5.955131;1.81056459
São José III;185;6.882354;1.899910136
São José III;185;6.977585;1.909366901
São José III;185;7.96;1.97
São José III;185;10.4;2.32
São José III;185;13.2;2.6
Rch. da Serra;186;0.01;0.024
Rch. da Serra;186;0.3;0.26
Rch. da Serra;186;1.21;0.64
Rch. da Serra;186;3.03;1.17
Rch. da Serra;186;6.03;1.82
Rch. da Serra;186;10.32;2.47
Rch. da Serra;186;16.03;3.23
Rch. da Serra;186;23.47;4.2
Rch. da Serra;186;27.94;4.73
Rch. da Serra;186;32.96;5.29
Rch. da Serra;186;38.56;5.9
Rch. da Serra;186;44.79;6.55
Rch. da Serra;186;51.68;7.24
Rch. da Serra;186;59.26;7.91
Rch. da Serra;186;67.25;8.58
Rch. da Serra;186;0;0
Junco;189;0;0
Junco;189;0.000001;0
Junco;189;0.000533;0.0029
Junco;189;0.004456;0.0197
Junco;189;0.030023;0.0735
Junco;189;0.077282;0.1092
Junco;189;0.140071;0.1378
Junco;189;0.214647;0.1568
Junco;189;0.297449;0.1716
Junco;189;0.385948;0.1843
Junco;189;0.481826;0.197
Junco;189;0.583825;0.2117
Junco;189;0.699171;0.2484
Junco;189;0.844631;0.3263
Junco;189;1.035101;0.4131
Junco;189;1.256316;0.4651
Junco;189;1.502106;0.5114
Junco;189;1.767879;0.609
Junco;189;2.03;0.725
Junco;189;2.75;1.003
São Domingos II;190;0;0
São Domingos II;190;0.000804;0.003419265
São Domingos II;190;0.003713;0.007792424
São Domingos II;190;0.008997;0.012768669
São Domingos II;190;0.016903;0.017937094
São Domingos II;190;0.026994;0.022416608
São Domingos II;190;0.039345;0.026808606
São Domingos II;190;0.054403;0.032203183
São Domingos II;190;0.071741;0.037508084
São Domingos II;190;0.092167;0.043401165
São Domingos II;190;0.116282;0.05069751
São Domingos II;190;0.144052;0.05921745
São Domingos II;190;0.1756;0.067216478
São Domingos II;190;0.211945;0.076470173
São Domingos II;190;0.252732;0.085595985
São Domingos II;190;0.298082;0.096388077
São Domingos II;190;0.349404;0.105657524
São Domingos II;190;0.40499;0.114184907
São Domingos II;190;0.463955;0.121863981
São Domingos II;190;0.527116;0.129772101
São Domingos II;190;0.594918;0.138191062
São Domingos II;190;0.6655;0.146085324
São Domingos II;190;0.741452;0.155184121
São Domingos II;190;0.821203;0.16448061
São Domingos II;190;0.907928;0.17940116
São Domingos II;190;1.00182;0.193546554
São Domingos II;190;1.101224;0.206238673
São Domingos II;190;1.208805;0.218485298
São Domingos II;190;1.321451;0.229460072
São Domingos II;190;1.438434;0.238092694
São Domingos II;190;1.559778;0.24551261
São Domingos II;190;1.684225;0.25226741
São Domingos II;190;1.812037;0.258973366
São Domingos II;190;1.890329;0.262973494
São Domingos II;190;1.96;0.2685
São Domingos II;190;2.1;0.275
São Domingos II;190;2.25;0.281
Umari;191;0;0
Umari;191;0.05;0.0686
Umari;191;0.41;0.2958
Umari;191;1.77;1.0567
Umari;191;4.89;2.0632
Umari;191;10.1;3.1524
Umari;191;17.65;4.3939
Umari;191;28.25;6.5058
Umari;191;35.04;7.3828
Umari;191;43.01;8.5431
Umari;191;52.12;9.6831
Umari;191;62.38;10.84009
Umari;191;73.74;11.8704
Umari;191;86.26;13.187
Pesqueiro;192;0;0
Pesqueiro;192;0.003652;0.00730325
Pesqueiro;192;0.017146;0.01968553
Pesqueiro;192;0.040484;0.02699048
Pesqueiro;192;0.074375;0.04079134
Pesqueiro;192;0.124637;0.0597325
Pesqueiro;192;0.194947;0.08088821
Pesqueiro;192;0.289863;0.1089431
Pesqueiro;192;0.412854;0.13703967
Pesqueiro;192;0.563143;0.16353868
Pesqueiro;192;0.745248;0.2006699
Pesqueiro;192;0.981401;0.27163625
Pesqueiro;192;1.280695;0.32695262
Pesqueiro;192;1.640061;0.39177875
Pesqueiro;192;2.07008;0.46825939
Pesqueiro;192;2.589088;0.5697564
Pesqueiro;192;3.213539;0.67914599
Pesqueiro;192;3.952672;0.79911903
Pesqueiro;192;4.814849;0.92523647
Pesqueiro;192;5.813582;1.07222953
Pesqueiro;192;6.974294;1.24919334
Pesqueiro;192;8.302754;1.40772727
Pesqueiro;192;9.030688;1.50400888
Pesqueiro;192;9.805268;1.59431063
Pesqueiro;192;11.498951;1.79305568
Castanhão;194;0;0
Castanhão;194;25;5
Castanhão;194;50;8
Castanhão;194;75;10
Castanhão;194;117.04;20
Castanhão;194;131.83;21.1
Castanhão;194;146.62;22.2
Castanhão;194;161.44;23.4
Castanhão;194;176.31;24.6
Castanhão;194;191.26;26
Castanhão;194;206.32;27.1
Castanhão;194;221.52;28.5
Castanhão;194;236.91;30
Castanhão;194;252.52;31.4
Castanhão;194;268.41;33
Castanhão;194;284.63;33.4
Castanhão;194;301.22;34.1
Castanhão;194;318.24;35.5
Castanhão;194;335.76;38
Castanhão;194;353.82;40
Castanhão;194;372.51;43
Castanhão;194;391.88;45.8
Castanhão;194;412;48
Castanhão;194;432.94;50.7
Castanhão;194;454.78;52
Castanhão;194;477.59;55.7
Castanhão;194;501.45;58
Castanhão;194;526.44;60.6
Castanhão;194;552.63;63.6
Castanhão;194;580.11;66.4
Castanhão;194;608.95;69
Castanhão;194;639.25;72
Castanhão;194;671.09;75.7
Castanhão;194;704.55;79.8
Castanhão;194;739.71;85
Castanhão;194;776.67;86.4
Castanhão;194;815.5;90.3
Castanhão;194;856.3;94
Castanhão;194;899.16;98
Castanhão;194;944.15;102
Castanhão;194;991.36;106
Castanhão;194;1040.88;110
Castanhão;194;1092.8;114.4
Castanhão;194;1147.2;118.3
Castanhão;194;1204.17;120
Castanhão;194;1263.78;124.2
Castanhão;194;1326.11;128.7
Castanhão;194;1391.26;133.9
Castanhão;194;1459.29;139
Castanhão;194;1530.29;144.3
Castanhão;194;1604.33;150.2
Castanhão;194;1681.49;156.3
Castanhão;194;1761.83;162.2
Castanhão;194;1845.43;169
Castanhão;194;1932.35;175
Castanhão;194;2022.67;182.7
Castanhão;194;2116.44;190
Castanhão;194;2213.72;196.4
Castanhão;194;2314.58;203.8
Castanhão;194;2419.06;211
Castanhão;194;2527.22;218
Castanhão;194;2639.11;224.2
Castanhão;194;2754.76;232
Castanhão;194;2874.23;238.7
Castanhão;194;2997.55;245
Castanhão;194;3124.76;252
Castanhão;194;3255.88;259.2
Castanhão;194;3390.94;266.3
Castanhão;194;3529.96;274
Castanhão;194;3672.96;281.5
Castanhão;194;3819.96;288.4
Castanhão;194;3970.96;296
Castanhão;194;4125.96;304.3
Castanhão;194;4284.97;312.3
Castanhão;194;4447.97;320
Castanhão;194;4614.96;328.5
Castanhão;194;4785.92;337.8
Castanhão;194;4960.83;346.9
Castanhão;194;5139.65;356.2
Castanhão;194;5322.36;366.4
Castanhão;194;5508.91;376.7
Castanhão;194;5699.27;387.4
Castanhão;194;5893.37;398
Castanhão;194;6091.16;408.8
Castanhão;194;6292.57;420
Castanhão;194;6497.54;430.7
Castanhão;194;6700;441
Castanhão;194;6917.81;452
Castanhão;194;7132.95;463.8
Castanhão;194;7351.28;475.7
Castanhão;194;7572.7;488
Castanhão;194;7797.1;500.7
Castanhão;194;8024.36;513
Castanhão;194;8254.34;526.2
Castanhão;194;8486.92;540
Castanhão;194;8721.94;546.7
Castanhão;194;8959.25;558.4
Castanhão;194;9198.69;571.7
Castanhão;194;9440.09;585
Castanhão;194;9683.27;598.6
Castanhão;194;9928.05;613
Castanhão;194;10174.22;627.8
Castanhão;194;10421.58;642.4
Curral Velho;197;0;0
Curral Velho;197;0.2997;0.2997
Curral Velho;197;1.39945;0.80005
Curral Velho;197;4.09595;1.89645
Curral Velho;197;9.3947;3.4023
Curral Velho;197;18.63151;5.83451
Curral Velho;197;32.92856;8.46254
Catucinzenta;223;0;0
Catucinzenta;223;0.04;0.13
Catucinzenta;223;0.22;0.239
Catucinzenta;223;0.55;0.415
Catucinzenta;223;1.13;0.77
Catucinzenta;223;2.11;1.2
Catucinzenta;223;3.47;1.47
Catucinzenta;223;5.16;1.88
Catucinzenta;223;7.29;2.38
Catucinzenta;223;9.93;2.9
Catucinzenta;223;13.2;3.65
Catucinzenta;223;17.16;4.27
Catucinzenta;223;21.81;5.02
Catucinzenta;223;27.13;5.62
Catucinzenta;223;33.16;6.45
Catucinzenta;223;40.1;7.43
Catucinzenta;223;47.75;7.87
Santo Antônio;233;0;0
Santo Antônio;233;0.002;0.004
Santo Antônio;233;0.0086;0.0132
Santo Antônio;233;0.0314;0.0456
Santo Antônio;233;0.0793;0.0958
Santo Antônio;233;0.1526;0.1466
Santo Antônio;233;0.249;0.1928
Santo Antônio;233;0.3774;0.2568
Santo Antônio;233;0.5418;0.3288
Santo Antônio;233;0.7286;0.3736
Santo Antônio;233;0.83205;0.4138
Santo Antônio;233;0.9;0.5
Santo Antônio;233;1.2;0.8
Aracoiaba;234;0;0
Aracoiaba;234;0.72;0.14
Aracoiaba;234;5.66;0.98
Aracoiaba;234;19.58;2.78
Aracoiaba;234;47.26;5.54
Aracoiaba;234;95.39;9.62
Aracoiaba;234;170.7;15.06
Aracoiaba;234;277.39;21.34
Malcozinhado;235;0;0
Malcozinhado;235;0.006671;0.0200137
Malcozinhado;235;0.056922;0.0886245
Malcozinhado;235;0.214247;0.2380892
Malcozinhado;235;0.516002;0.3702653
Malcozinhado;235;1.099221;0.8262729
Malcozinhado;235;2.083359;1.1509486
Malcozinhado;235;3.484153;1.6664967
Malcozinhado;235;5.469858;2.3230453
Malcozinhado;235;8.087055;2.9228152
Malcozinhado;235;11.321153;3.5557091
Malcozinhado;235;15.272207;4.3600568
Malcozinhado;235;19.93977;4.9819767
Malcozinhado;235;25.265133;5.6762962
Malcozinhado;235;31.247983;6.2947322
Malcozinhado;235;37.838906;6.8916194
Malcozinhado;235;45.003997;7.4420876
Malcozinhado;235;52.79005;8.1351599
Malcozinhado;235;61.405506;9.1048509
Carmina;236;0;0
Carmina;236;0.000412;0.00069927
Carmina;236;0.012562;0.02360117
Carmina;236;0.06396;0.07919314
Carmina;236;0.165552;0.12399143
Carmina;236;0.313648;0.17220146
Carmina;236;0.532304;0.26511097
Carmina;236;0.849504;0.3692879
Carmina;236;1.276864;0.48543172
Carmina;236;1.842108;0.64505639
Carmina;236;2.584725;0.84017729
Carmina;236;3.541338;1.07304916
Carmina;236;4.855361;1.55499704
Carmina;236;6.552434;1.83914982
Carmina;236;8.547926;2.15183416
Carmina;236;10.923826;2.59996541
Carmina;236;13.628;2.80937217
Carmina;236;16.594158;3.1219534
Carmina;236;19.897369;3.48446855
Carmina;236;23.571101;3.86299607
Faé;239;0;0
Faé;239;0.63;0.2831
Faé;239;1.26;0.431
Faé;239;1.89;0.6098
Faé;239;2.52;0.8195
Faé;239;3.15;1.0393
Faé;239;4.6;1.8161
Faé;239;6.78;2.5944
Faé;239;9.75;3.3744
Faé;239;11.625;4.1559
Faé;239;13.5;4.9391
Faé;239;18.04;5.7239
Faé;239;19;5.75
Faé;239;24.15;5.87
Faé;239;27.605;6.5102
Faé;239;36.39;7.2982
Faé;239;44.09;8.0877
Faé;239;52.59;8.8789
Faé;239;61.88;9.6717
Faé;239;71.97;10.47
Faé;239;82.86;11.26
Faé;239;94.55;12.06
Faé;239;107.04;12.86
Arneiroz II;240;0;0
Arneiroz II;240;0.136826;0.143846
Arneiroz II;240;0.821197;0.428988
Arneiroz II;240;2.64843;1.0823
Arneiroz II;240;7.308591;2.776423
Arneiroz II;240;16.199815;4.398474
Arneiroz II;240;29.49696;6.295793
Arneiroz II;240;47.976878;8.545299
Arneiroz II;240;72.365588;11.017967
Arneiroz II;240;103.166727;13.670583
Arneiroz II;240;140.931074;16.587881
Arneiroz II;240;186.131808;19.614965
Arneiroz II;240;197.06;20.337775
Arneiroz II;240;239.623156;23.229014
Itapebussu;244;0;0
Itapebussu;244;0;0.000000121
Itapebussu;244;0.000001;0.00000515
Itapebussu;244;0.000009;0.000039815
Itapebussu;244;0.000015;0.000059665
Itapebussu;244;0.000055;0.000156922
Itapebussu;244;0.000197;0.000498841
Itapebussu;244;0.000825;0.002408312
Itapebussu;244;0.00356;0.01029394
Itapebussu;244;0.013416;0.032116492
Itapebussu;244;0.039677;0.075342371
Itapebussu;244;0.093938;0.146440018
Itapebussu;244;0.182784;0.210073545
Itapebussu;244;0.305758;0.28035832
Itapebussu;244;0.463238;0.354512391
Itapebussu;244;0.665902;0.458474849
Itapebussu;244;0.917418;0.544979545
Itapebussu;244;1.211164;0.628731525
Itapebussu;244;1.544089;0.702078491
Itapebussu;244;1.91122;0.763092583
Itapebussu;244;2.305895;0.814771548
Itapebussu;244;2.682199;0.932
Itapebussu;244;2.8;0.94
Itapebussu;244;3.36;1.026
Itapebussu;244;3.97;1.11
Itapebussu;244;4.68;1.195
Itapebussu;244;5.45;1.273
Itapebussu;244;6.3;1.35
Itapebussu;244;6.99545;1.43
Itapebussu;244;7.731888;1.51
Itapebussu;244;8.5094;1.6
Taquara;254;0;0
Taquara;254;0.010915;0.013
Taquara;254;0.031306;0.029
Taquara;254;0.179003;0.131
Taquara;254;0.807652;0.544
Taquara;254;2.651442;1.361
Taquara;254;6.455866;2.501
Taquara;254;12.697548;3.785
Taquara;254;22.351981;5.951
Taquara;254;36.297723;8.148
Taquara;254;54.831132;10.542
Taquara;254;78.583423;12.263
Taquara;254;109.8177;18.096
Taquara;254;151.481374;23.693
Taquara;254;204.394868;29.321
Taquara;254;274.457228;41.071
Taquara;254;320;46.431
Taquara;254;367.111803;51.791
Taquara;254;420.983138;55.979
Macacos;1000;0;0
Macacos;1000;0.001462;0.004386
Macacos;1000;0.024536;0.041764
Macacos;1000;0.094;0.097164
Macacos;1000;0.245597;0.206029
Macacos;1000;0.5177;0.338177
Macacos;1000;0.91588;0.458183
Macacos;1000;1.443165;0.596388
Macacos;1000;2.102463;0.722208
Macacos;1000;2.887045;0.846956
Macacos;1000;3.793935;0.966824
Macacos;1000;4.824107;1.09352
Macacos;1000;5.982177;1.22262
Macacos;1000;7.274442;1.36191
Macacos;1000;8.715167;1.51954
Macacos;1000;10.320337;1.6908
Macacos;1000;12.140307;1.94914
Macacos;1000;14.28338;2.337005
Missi;1119;0;0
Missi;1119;0.003;0.0148
Missi;1119;0.188;0.1705
Missi;1119;1.27;0.9113
Missi;1119;4.521;2.3393
Missi;1119;11.056;4.1965
Missi;1119;21.466;6.2129
Missi;1119;36.439;8.7607
Missi;1119;45.9;10.1599
Missi;1119;56.759;11.559
Missi;1119;65.301;12.848
Missi;1119;69.239;13.4004
Missi;1119;83.602;15.3253
Missi;1119;100.007;17.4855
Missi;1119;118.538;19.5773
Jenipapeiro II;1120;0;0
Jenipapeiro II;1120;0.010569;0.021137
Jenipapeiro II;1120;0.08505;0.127826
Jenipapeiro II;1120;0.388673;0.47942
Jenipapeiro II;1120;0.971223;0.68568
Jenipapeiro II;1120;1.830208;1.03229
Jenipapeiro II;1120;3.115568;1.538429
Jenipapeiro II;1120;5.072376;2.375188
Jenipapeiro II;1120;7.674346;2.828752
Jenipapeiro II;1120;10.763132;3.348819
Jenipapeiro II;1120;14.397649;3.920216
Jenipapeiro II;1120;18.677679;4.639843
Jenipapeiro II;1120;23.642298;5.289396
Jenipapeiro II;1120;29.315546;6.057099
Jenipapeiro II;1120;35.80593;6.92367
Jenipapeiro II;1120;43.449498;8.363466
Jenipapeiro II;1120;52.252058;9.241653
Jenipapeiro II;1120;62.026338;10.306908
Jenipapeiro II;1120;73.099721;11.839858
Jenipapeiro II;1120;85.5154;12.991499
Gerardo Atimbone;1123;0;0
Gerardo Atimbone;1123;0.000002;0.000024582
Gerardo Atimbone;1123;0.000215;0.000577207
Gerardo Atimbone;1123;0.002582;0.005379356
Gerardo Atimbone;1123;0.019387;0.033542668
Gerardo Atimbone;1123;0.078915;0.092990687
Gerardo Atimbone;1123;0.220118;0.196072095
Gerardo Atimbone;1123;0.484758;0.335832473
Gerardo Atimbone;1123;0.899158;0.499159741
Gerardo Atimbone;1123;1.485563;0.661379888
Gerardo Atimbone;1123;2.208875;0.783091384
Gerardo Atimbone;1123;3.04749;0.888466166
Gerardo Atimbone;1123;3.789142;0.9755761
Gerardo Atimbone;1123;4;0.989
